Name Category,Name Store,Name Product,Name Brand,Image URL,Description,Price,Product URL
Laptop,Cellphones,Laptop Asus Gaming Rog Strix G15 G513IH HN015W,ASUS,,"Nguyên hộp, đầy đủ phụ kiện từ nhà sản suất
Bảo hành pin 12 tháng",18.590.000 ₫,https://cellphones.com.vn/laptop-asus-gaming-rog-strix-g15-g513ih-hn015w.html
Laptop,Cellphones,Laptop MSI Modern 14 B11MOU-1065VN,MSI,,"Nguyên hộp, đầy đủ phụ kiện từ nhà sản suất
Bảo hành pin 12 tháng",14.790.000 ₫,https://cellphones.com.vn/laptop-msi-modern-14-b11mou-1065vn.html
Laptop,Cellphones,Laptop Acer Aspire 3 A315-56-38B1 NX.HS5SV.00G,Acer,,"Nguyên hộp, đầy đủ phụ kiện từ nhà sản suất
Bảo hành pin 12 tháng",7.990.000 ₫,https://cellphones.com.vn/laptop-acer-aspire-3-a315-56-38b1.html
Laptop,Cellphones,Laptop MSI Gaming GF63 Thin 11UD 473VN,MSI,,"Mới, đầy đủ phụ kiện từ nhà sản xuất",17.890.000 ₫,https://cellphones.com.vn/laptop-msi-gaming-gf63-thin-11ud-473vn.html
Laptop,Cellphones,Laptop Lenovo Ideapad 5 Pro 14ITL6 82L300MAVN,Lenovo,,"Mới, đầy đủ phụ kiện từ nhà sản xuất",20.490.000 ₫,https://cellphones.com.vn/laptop-lenovo-ideapad-5-pro-14itl6-82l300mavn.html
Laptop,Cellphones,Laptop Lenovo Ideapad 3 15IAU7 82RK001GVN,Lenovo,,"Nguyên hộp, đầy đủ phụ kiện từ nhà sản suất
Bảo hành pin 12 tháng",11.890.000 ₫,https://cellphones.com.vn/laptop-lenovo-ideapad-3-15iau7-82rk001gvn.html
Laptop,Cellphones,Laptop Acer Aspire 3 A315-58-53S6 NX.AM0SV.005,Acer,,"Nguyên hộp, đầy đủ phụ kiện từ nhà sản suất
Bảo hành pin 12 tháng",11.990.000 ₫,https://cellphones.com.vn/laptop-acer-aspire-3-a315-58-53s6.html
Laptop,Cellphones,Laptop Lenovo Ideapad Gaming 3 15IHU6 82K101HGVN,Lenovo,,"Mới, đầy đủ phụ kiện từ nhà sản xuất",18.990.000 ₫,https://cellphones.com.vn/laptop-lenovo-ideapad-gaming-3-15ihu6-82k101hgvn.html
Laptop,Cellphones,Laptop HP Pavilion 15-EG2037TX 6K783PA,HP,,"Nguyên hộp, đầy đủ phụ kiện từ nhà sản suất
Bảo hành pin 12 tháng",14.990.000 ₫,https://cellphones.com.vn/laptop-hp-pavilion-15-eg2037tx-6k783pa.html
Laptop,Cellphones,Laptop HP 245 G9 6L1N8PA,Laptop 14 inch,,"Nguyên hộp, đầy đủ phụ kiện từ nhà sản suất
Bảo hành pin 12 tháng",11.990.000 ₫,https://cellphones.com.vn/laptop-hp-245-g9-6l1n8pa.html
Laptop,Cellphones,Apple MacBook Air M1 256GB 2020 I Chính hãng Apple Việt Nam,Mac,,"Máy mới 100%, đầy đủ phụ kiện từ nhà sản xuất. Sản phẩm có mã SA/A (được Apple Việt Nam phân phối chính thức).",18.550.000 ₫,https://cellphones.com.vn/macbook-air-2020-m1.html
Laptop,Cellphones,Apple Macbook Air M2 2022 8GB 256GB I Chính hãng Apple Việt Nam,Mac,,"Máy mới 100%, đầy đủ phụ kiện từ nhà sản xuất. Sản phẩm có mã SA/A (được Apple Việt Nam phân phối chính thức).",25.690.000 ₫,https://cellphones.com.vn/macbook-air-m2-2022.html
Laptop,Cellphones,Laptop Lenovo Ideapad Gaming 3 15ARH7,Lenovo,,"Nguyên hộp, đầy đủ phụ kiện từ nhà sản suất
Bảo hành pin 12 tháng",23.990.000 ₫,https://cellphones.com.vn/laptop-lenovo-ideapad-gaming-3-15arh7-82sb007kvn.html
Laptop,Cellphones,Laptop Lenovo Ideapad Gaming 3 15IHU6 82K101B5VN,Lenovo,,"Nguyên hộp, đầy đủ phụ kiện từ nhà sản suất
Bảo hành pin 12 tháng",18.990.000 ₫,https://cellphones.com.vn/laptop-lenovo-ideapad-gaming-3-15ihu6-82k101b5vn.html
Laptop,Cellphones,Apple Macbook Pro 13 M2 2022 8GB 256GB I Chính hãng Apple Việt Nam,Mac,,"Máy mới 100%, đầy đủ phụ kiện từ nhà sản xuất. Sản phẩm có mã SA/A (được Apple Việt Nam phân phối chính thức).",28.690.000 ₫,https://cellphones.com.vn/macbook-pro-m2-2022.html
Laptop,Cellphones,Laptop Asus Gaming Rog Strix G15 G513IH HN015W,ASUS,,"Nguyên hộp, đầy đủ phụ kiện từ nhà sản suất
Bảo hành pin 12 tháng",18.590.000 ₫,https://cellphones.com.vn/laptop-asus-gaming-rog-strix-g15-g513ih-hn015w.html
Laptop,Cellphones,MacBook Pro 14 inch M2 Pro 2023 (10 CPU - 16 GPU - 16GB - 512GB),Mac,,"Mới, đầy đủ phụ kiện từ nhà sản xuất",47.990.000 ₫,https://cellphones.com.vn/macbook-pro-14-inch-m2-pro-2023.html
Laptop,Cellphones,Laptop Asus Vivobook X415EA BV451W,ASUS,,"Nguyên hộp, đầy đủ phụ kiện từ nhà sản suất
Bảo hành pin 12 tháng",6.990.000 ₫,https://cellphones.com.vn/laptop-asus-vivobook-x415ma-bv451w.html
Laptop,Cellphones,Apple Macbook Air M2 2022 16GB 256GB I Chính hãng Apple Việt Nam,Mac,,"Máy mới 100%, đầy đủ phụ kiện từ nhà sản xuất. Sản phẩm có mã SA/A (được Apple Việt Nam phân phối chính thức).",33.490.000 ₫,https://cellphones.com.vn/macbook-air-m2-2022-16gb.html
Laptop,Cellphones,Mac mini M2 2023 (8 CPU - 10 GPU - 8GB - 256GB) | Chính hãng Apple Việt Nam,Mac,,1 ĐỔI 1 trong 30 ngày nếu có lỗi phần cứng nhà sản xuất. Bảo hành 12 tháng tại trung tâm bảo hành chính hãng Apple : Điện Thoại Vui ASP (Apple Authorized Service Provider)(xem chi tiết),15.490.000 ₫,https://cellphones.com.vn/mac-mini-m2-2023.html
Laptop,Cellphones,Macbook Pro 14 inch 2021 | Chính hãng Apple Việt Nam,Mac,,"Máy mới 100%, đầy đủ phụ kiện từ nhà sản xuất. Sản phẩm có mã SA/A (được Apple Việt Nam phân phối chính thức).",46.490.000 ₫,https://cellphones.com.vn/macbook-pro-14-inch-2021.html
Laptop,Cellphones,Laptop Dell Inspiron 3511 5829BLK,Dell,,"Mới, đầy đủ phụ kiện từ nhà sản xuất",13.490.000 ₫,https://cellphones.com.vn/laptop-dell-inspiron-3511-5829blk.html
Laptop,Cellphones,Laptop ASUS Gaming TUF FX506LHB-HN188W,ASUS,,"Nguyên hộp, đầy đủ phụ kiện từ nhà sản suất
Bảo hành pin 12 tháng",16.590.000 ₫,https://cellphones.com.vn/laptop-asus-gaming-tuf-fx506lhb-hn188w.html
Laptop,Cellphones,Laptop Asus Zenbook 14 UX3402ZA-KM219W,ASUS,,"Nguyên hộp, đầy đủ phụ kiện từ nhà sản suất
Bảo hành pin 12 tháng",23.690.000 ₫,https://cellphones.com.vn/laptop-asus-zenbook-14-ux3402za-km219w.html
Laptop,Cellphones,Apple MacBook Pro 13 M2 2022 16GB 512GB I Chính hãng Apple Việt Nam,Mac,,"Máy mới 100%, đầy đủ phụ kiện từ nhà sản xuất. Sản phẩm có mã SA/A (được Apple Việt Nam phân phối chính thức).",37.790.000 ₫,https://cellphones.com.vn/macbook-pro-m2-2022-16gb-512gb.html
Laptop,Cellphones,Apple Macbook Air M2 2022 8GB 512GB I Chính hãng Apple Việt Nam,Mac,,"Máy mới 100%, đầy đủ phụ kiện từ nhà sản xuất. Sản phẩm có mã SA/A (được Apple Việt Nam phân phối chính thức).",30.790.000 ₫,https://cellphones.com.vn/macbook-air-m2-2022-512gb.html
Laptop,Cellphones,Laptop HP Gaming Victus 15-FA0031DX 6503849,HP,,"Nguyên hộp, đầy đủ phụ kiện từ nhà sản suất
Bảo hành pin 12 tháng",16.790.000 ₫,https://cellphones.com.vn/laptop-hp-gaming-victus-15-fa0031dx-6503849.html
Laptop,Cellphones,Laptop MSI Gaming GF63 10SC 804VN,MSI,,"Mới, đầy đủ phụ kiện từ nhà sản xuất",17.450.000 ₫,https://cellphones.com.vn/laptop-msi-gaming-gf63-10sc-804vn.html
Laptop,Cellphones,Laptop Lenovo Ideapad Gaming 3 15ARH7,Lenovo,,"Nguyên hộp, đầy đủ phụ kiện từ nhà sản suất
Bảo hành pin 12 tháng",21.990.000 ₫,https://cellphones.com.vn/laptop-lenovo-ideapad-gaming-3-15arh7-82sb0078vn.html
Laptop,Cellphones,Laptop ASUS VivoBook 15X A1503ZA-L1422W,ASUS,,"Nguyên hộp, đầy đủ phụ kiện từ nhà sản suất
Bảo hành pin 12 tháng",17.290.000 ₫,https://cellphones.com.vn/laptop-asus-vivobook-15x-a1503za-l1422w.html
Laptop,Cellphones,Laptop Asus Vivobook 14X M1403QA-LY024W,ASUS,,"Mới, đầy đủ phụ kiện từ nhà sản xuất",14.990.000 ₫,https://cellphones.com.vn/laptop-asus-vivobook-14x-m1403qa-ly024w.html
Laptop,Cellphones,Laptop ASUS TUF Gaming F15 FX506HC-HN144W,ASUS,,"Nguyên hộp, đầy đủ phụ kiện từ nhà sản suất
Bảo hành pin 12 tháng",19.890.000 ₫,https://cellphones.com.vn/laptop-asus-tuf-gaming-f15-fx506hc-hn144w.html
Laptop,Cellphones,Laptop MSI Modern 14 B11MOU-1065VN,MSI,,"Nguyên hộp, đầy đủ phụ kiện từ nhà sản suất
Bảo hành pin 12 tháng",14.790.000 ₫,https://cellphones.com.vn/laptop-msi-modern-14-b11mou-1065vn.html
Laptop,Cellphones,Laptop Asus TUF Gaming A15 FA506IHRB-HN019W,ASUS,,"Nguyên hộp, đầy đủ phụ kiện từ nhà sản suất
Bảo hành pin 12 tháng",15.990.000 ₫,https://cellphones.com.vn/laptop-asus-tuf-gaming-a15-fa506ihrb-hn019w.html
Laptop,Cellphones,Laptop Asus Vivobook M513UA-EJ710W,ASUS,,"Mới, đầy đủ phụ kiện từ nhà sản xuất",15.390.000 ₫,https://cellphones.com.vn/laptop-asus-vivobook-m513ua-ej710w.html
Laptop,Cellphones,Laptop HP Envy X360 13-BD0063DX,HP,,"Nguyên hộp, đầy đủ phụ kiện từ nhà sản suất
Bảo hành pin 12 tháng",17.990.000 ₫,https://cellphones.com.vn/laptop-hp-envy-x360-13-bd0063dx.html
Laptop,Cellphones,Apple MacBook Pro 13 M2 2022 16GB 256GB I Chính hãng Apple Việt Nam,Mac,,"Máy mới 100%, đầy đủ phụ kiện từ nhà sản xuất. Sản phẩm có mã SA/A (được Apple Việt Nam phân phối chính thức).",35.890.000 ₫,https://cellphones.com.vn/macbook-pro-m2-2022-16gb-256gb.html
Laptop,Cellphones,Apple Macbook Air M2 2022 16GB 512GB I Chính hãng Apple Việt Nam,Mac,,"Máy mới 100%, đầy đủ phụ kiện từ nhà sản xuất. Sản phẩm có mã SA/A (được Apple Việt Nam phân phối chính thức).",37.790.000 ₫,https://cellphones.com.vn/macbook-air-m2-2022-16gb-512gb.html
Laptop,Cellphones,Laptop Lenovo Ideapad 5 Pro 16ARH7,Lenovo,,"Nguyên hộp, đầy đủ phụ kiện từ nhà sản suất
Bảo hành pin 12 tháng",25.990.000 ₫,https://cellphones.com.vn/laptop-lenovo-ideapad-5-pro-16arh7-82sn003mvn.html
Laptop,Cellphones,Laptop Acer Aspire 3 A315-56-38B1 NX.HS5SV.00G,Acer,,"Nguyên hộp, đầy đủ phụ kiện từ nhà sản suất
Bảo hành pin 12 tháng",7.990.000 ₫,https://cellphones.com.vn/laptop-acer-aspire-3-a315-56-38b1.html
Laptop,Cellphones,Surface Laptop Go Core i5 / 8GB / 128 GB / 12.4 inch Nhập Khẩu Chính Hãng,Laptop core i5,,"Mới, đầy đủ phụ kiện từ nhà sản xuất",15.790.000 ₫,https://cellphones.com.vn/surface-laptop-go.html
Laptop,Cellphones,Laptop ASUS Gaming ROG Zephyrus G14 GA401QC-K2199W,ASUS,,"Nguyên hộp, đầy đủ phụ kiện từ nhà sản suất
Bảo hành pin 12 tháng",27.990.000 ₫,https://cellphones.com.vn/laptop-asus-gaming-rog-zephyrus-g14-ga401qc-k2199w.html
Laptop,Cellphones,Mac mini M2 2023 (8 CPU - 10 GPU - 8GB - 512GB) | Chính hãng Apple Việt Nam,Mac,,1 ĐỔI 1 trong 30 ngày nếu có lỗi phần cứng nhà sản xuất. Bảo hành 12 tháng tại trung tâm bảo hành chính hãng Apple : Điện Thoại Vui ASP (Apple Authorized Service Provider)(xem chi tiết),19.690.000 ₫,https://cellphones.com.vn/mac-mini-m2-512gb-2023.html
Laptop,Cellphones,Laptop Gaming Acer Nitro 5 Eagle AN515-57-54MV NH.QENSV.003,Acer,,"Nguyên hộp, đầy đủ phụ kiện từ nhà sản suất
Bảo hành pin 12 tháng",22.990.000 ₫,https://cellphones.com.vn/laptop-gaming-acer-nitro-5-eagle-an515-57-54mv.html
Laptop,Cellphones,Laptop Asus Zenbook 14X UM5401QA KN209W,ASUS,,"Nguyên hộp, đầy đủ phụ kiện từ nhà sản suất
Bảo hành pin 12 tháng",19.490.000 ₫,https://cellphones.com.vn/laptop-asus-zenbook-14x-um5401qa-kn209w.html
Laptop,Cellphones,Apple MacBook Pro 13 M2 2022 8GB 512GB I Chính hãng Apple Việt Nam,Mac,,"Máy mới 100%, đầy đủ phụ kiện từ nhà sản xuất. Sản phẩm có mã SA/A (được Apple Việt Nam phân phối chính thức).",33.790.000 ₫,https://cellphones.com.vn/macbook-pro-m2-2022-512gb.html
Laptop,Cellphones,Laptop MSI Gaming Bravo 15 B5DD-417VN,MSI,,"Mới, đầy đủ phụ kiện từ nhà sản xuất",15.490.000 ₫,https://cellphones.com.vn/laptop-msi-gaming-bravo-15-b5dd-417vn.html
Laptop,Cellphones,Laptop MSI Gaming GF63 Thin 11UD 473VN,MSI,,"Mới, đầy đủ phụ kiện từ nhà sản xuất",17.890.000 ₫,https://cellphones.com.vn/laptop-msi-gaming-gf63-thin-11ud-473vn.html
Laptop,Cellphones,Laptop HP Gaming Victus 16-E0175AX 4R0U8PA,Laptop đồ họa,,"Nguyên hộp, đầy đủ phụ kiện từ nhà sản suất
Bảo hành pin 12 tháng",20.990.000 ₫,https://cellphones.com.vn/laptop-hp-victus-16-e0175ax-4r0u8pa.html
Laptop,Cellphones,Laptop ASUS TUF DASH Gaming F15 FX517ZC-HN079W,ASUS,,"Nguyên hộp, đầy đủ phụ kiện từ nhà sản suất
Bảo hành pin 12 tháng",21.490.000 ₫,https://cellphones.com.vn/laptop-asus-tuf-dash-gaming-f15-fx517zc-hn079w.html
Laptop,Cellphones,Surface Pro 7 Core i5 / 8GB / 128GB Nhập Khẩu Chính Hãng,Laptop core i5,,"Mới, đầy đủ phụ kiện từ nhà sản xuất",19.990.000 ₫,https://cellphones.com.vn/surface-laptop-pro-7-core-i5-ram-8gb-ssd-128gb-12-3inch.html
Laptop,Cellphones,Laptop Lenovo Yoga Slim 7 Pro 14IHU5 O 82NH00BDVN,Lenovo,,"Nguyên hộp, đầy đủ phụ kiện từ nhà sản suất
Bảo hành pin 12 tháng",20.490.000 ₫,https://cellphones.com.vn/laptop-lenovo-yoga-slim-7-pro-14ihu5-o-82nh00bdvn.html
Laptop,Cellphones,Laptop Asus Vivobook OLED 15X A1503ZA-L1151W,ASUS,,"Nguyên hộp, đầy đủ phụ kiện từ nhà sản suất
Bảo hành pin 12 tháng",14.690.000 ₫,https://cellphones.com.vn/laptop-asus-vivobook-oled-15x-a1503za-l1151w.html
Laptop,Cellphones,Laptop ASUS Gaming ROG Strix G15 G513RM-HQ055W,ASUS,,"Nguyên hộp, đầy đủ phụ kiện từ nhà sản suất
Bảo hành pin 12 tháng",36.490.000 ₫,https://cellphones.com.vn/laptop-asus-gaming-rog-strix-g15-g513rm-hq055w.html
Laptop,Cellphones,MacBook Pro 16 inch M2 Pro 2023 (12 CPU - 19 GPU - 16GB - 512GB),Mac,,"Mới, đầy đủ phụ kiện từ nhà sản xuất",58.990.000 ₫,https://cellphones.com.vn/macbook-pro-16-inch-m2-pro-2023.html
Laptop,Cellphones,Laptop Lenovo ThinkBook 14 G3 ACL 21A200R0VN,Lenovo,,"Nguyên hộp, đầy đủ phụ kiện từ nhà sản suất
Bảo hành pin 12 tháng",12.790.000 ₫,https://cellphones.com.vn/laptop-lenovo-thinkbook-14-g3-acl-21a200r0vn.html
Laptop,Cellphones,Laptop MSI Modern 14 B11MOU-1028VN,MSI,,"Mới, đầy đủ phụ kiện từ nhà sản xuất",10.490.000 ₫,https://cellphones.com.vn/laptop-msi-modern-14-b11mou-1028vn.html
Laptop,Cellphones,Macbook Pro 16 M1 Max 10 CPU - 32 GPU 32GB 1TB 2021 | Chính hãng Apple Việt Nam,Mac,,"Máy mới 100%, đầy đủ phụ kiện từ nhà sản xuất. Sản phẩm có mã SA/A (được Apple Việt Nam phân phối chính thức).",77.990.000 ₫,https://cellphones.com.vn/macbook-pro-16-inch-2021-m1-max.html
Laptop,Cellphones,Laptop Lenovo Ideapad 5 Pro 14ITL6 82L300MAVN,Lenovo,,"Mới, đầy đủ phụ kiện từ nhà sản xuất",20.490.000 ₫,https://cellphones.com.vn/laptop-lenovo-ideapad-5-pro-14itl6-82l300mavn.html
Laptop,Cellphones,Laptop Dell Inspiron 15 3511 JNM5H,Dell,,"Nguyên hộp, đầy đủ phụ kiện từ nhà sản suất
Bảo hành pin 12 tháng",12.990.000 ₫,https://cellphones.com.vn/laptop-dell-inspiron-15-3511-jnm5h.html
Laptop,Cellphones,Laptop MSI Modern 15 A11M-1024VN,MSI,,"Dây nguồn, Sách hướng dẫn, Sạc",13.690.000 ₫,https://cellphones.com.vn/laptop-msi-modern-15-a11m-1024vn.html
Laptop,Cellphones,Laptop HP 15-DY2795WM 6M0Z7UA,Laptop 15.6 inch,,"Mới, đầy đủ phụ kiện từ nhà sản xuất",12.990.000 ₫,https://cellphones.com.vn/laptop-hp-15-dy2795wm-6m0z7ua.html
Laptop,Cellphones,Laptop Gaming Nitro 5 Eagle AN515-57-53F9,Acer,,"Mới, đầy đủ phụ kiện từ nhà sản xuất",20.990.000 ₫,https://cellphones.com.vn/laptop-gaming-acer-nitro-5-eagle-an515-57-53f9.html
Laptop,Cellphones,Laptop ASUS VivoBook 14X A1403ZA-KM161W,ASUS,,"Nguyên hộp, đầy đủ phụ kiện từ nhà sản suất
Bảo hành pin 12 tháng",17.790.000 ₫,https://cellphones.com.vn/laptop-asus-vivobook-14x-a1403za-km161w.html
Laptop,Cellphones,Apple Macbook Air M2 2022 24GB 256GB I Chính hãng Apple Việt Nam,Mac,,1 ĐỔI 1 trong 30 ngày nếu có lỗi phần cứng nhà sản xuất. Bảo hành 12 tháng tại trung tâm bảo hành chính hãng Apple : Điện Thoại Vui ASP (Apple Authorized Service Provider)(xem chi tiết),37.990.000 ₫,https://cellphones.com.vn/macbook-air-m2-2022-24gb.html
Laptop,Cellphones,MacBook Pro 14 inch M2 Pro 2023 (12 CPU - 19 GPU 16GB 1TB 2023),Mac,,"Máy, sạc 96W, cáp USB-C to MagSafe 3",58.990.000 ₫,https://cellphones.com.vn/macbook-pro-14-inch-m2-pro-1tb-2023.html
Laptop,Cellphones,Laptop Asus Vivobook Slate OLED T3304GA-LQ021WS,ASUS,,"Mới, đầy đủ phụ kiện từ nhà sản xuất",19.990.000 ₫,https://cellphones.com.vn/laptop-asus-vivobook-slate-t3304ga-lq021ws.html
Laptop,Cellphones,Laptop gaming MSI GF63 Thin 11SC 664VN,Laptop Gaming,,Bảo hành 12 tháng tại trung tâm bảo hành Chính hãng. 1 đổi 1 trong 30 ngày nếu có lỗi phần cứng từ nhà sản xuất. (xem chi tiết),16.490.000 ₫,https://cellphones.com.vn/laptop-msi-gaming-gf63-thin-11sc-664vn.html
Laptop,Cellphones,Mac mini M2 Pro 2023 (10 CPU - 16 GPU - 16GB - 512GB) | Chính hãng Apple Việt Nam,Mac,,1 ĐỔI 1 trong 30 ngày nếu có lỗi phần cứng nhà sản xuất. Bảo hành 12 tháng tại trung tâm bảo hành chính hãng Apple : Điện Thoại Vui ASP (Apple Authorized Service Provider)(xem chi tiết),33.990.000 ₫,https://cellphones.com.vn/mac-mini-m2-pro-2023.html
Laptop,Cellphones,Laptop Lenovo Ideapad 3 15IAU7 82RK001GVN,Lenovo,,"Nguyên hộp, đầy đủ phụ kiện từ nhà sản suất
Bảo hành pin 12 tháng",11.890.000 ₫,https://cellphones.com.vn/laptop-lenovo-ideapad-3-15iau7-82rk001gvn.html
Laptop,Cellphones,Laptop Dell Inspiron 15 3520 N3520-i5U085W11BLU,Dell,,"Nguyên hộp, đầy đủ phụ kiện từ nhà sản suất
Bảo hành pin 12 tháng",17.790.000 ₫,https://cellphones.com.vn/laptop-dell-inspiron-15-3520-n3520-i5u085w11blu.html
Laptop,Cellphones,Laptop Asus Rog Strix G15 G513IE-HN246W,ASUS,,"Nguyên hộp, đầy đủ phụ kiện từ nhà sản suất
Bảo hành pin 12 tháng",22.390.000 ₫,https://cellphones.com.vn/laptop-asus-rog-strix-g15-g513ie-hn246w.html
Laptop,Cellphones,Laptop Huawei Matebook 14,Huawei,,"Nguyên hộp, đầy đủ phụ kiện từ nhà sản suất
Bảo hành pin 12 tháng",17.990.000 ₫,https://cellphones.com.vn/laptop-huawei-matebook-14-r5.html
Laptop,Cellphones,Laptop Surface Pro 9,Laptop 13 inch,,"Mới, đầy đủ phụ kiện từ nhà sản xuất",29.190.000 ₫,https://cellphones.com.vn/laptop-surface-pro-9.html
Laptop,Cellphones,Laptop Dell Vostro 5620 70282719,Dell,,"Nguyên hộp, đầy đủ phụ kiện từ nhà sản suất
Bảo hành pin 12 tháng",22.990.000 ₫,https://cellphones.com.vn/laptop-dell-vostro-5620-70282719.html
Laptop,Cellphones,Laptop Acer Aspire 3 A315-58-53S6 NX.AM0SV.005,Acer,,"Nguyên hộp, đầy đủ phụ kiện từ nhà sản suất
Bảo hành pin 12 tháng",11.990.000 ₫,https://cellphones.com.vn/laptop-acer-aspire-3-a315-58-53s6.html
Laptop,Cellphones,Laptop Xiaomi RedmiBook 15 JYU4505AP,Laptop mỏng nhẹ,,"Mới, đầy đủ phụ kiện từ nhà sản xuất",9.790.000 ₫,https://cellphones.com.vn/laptop-xiaomi-redmibook-15-jyu4505ap.html
Laptop,Cellphones,Laptop Asus VivoBook Pro 15 OLED M6500QC-MA005W,ASUS,,"Nguyên hộp, đầy đủ phụ kiện từ nhà sản suất
Bảo hành pin 12 tháng",25.390.000 ₫,https://cellphones.com.vn/laptop-asus-vivobook-pro-15-oled-m6500qc-ma005w.html
Laptop,Cellphones,Laptop ASUS Zenbook Pro 14 Duo OLED UX8402ZE-M3044W,ASUS,,"Nguyên hộp, đầy đủ phụ kiện từ nhà sản suất
Bảo hành pin 12 tháng",52.990.000 ₫,https://cellphones.com.vn/laptop-asus-zenbook-pro-14-duo-oled-ux8402ze-m3044w.html
Laptop,Cellphones,Surface Pro 8 Core i5 / 8GB / 128GB Nhập khẩu chính hãng,Laptop 13 inch,,Bảo hành 12 tháng tại các trung tâm bảo hành FPT Service toàn quốc. Đổi mới trong 30 ngày đầu nếu bị lỗi phần cứng nhà sản xuất. (xem chi tiết),24.490.000 ₫,https://cellphones.com.vn/surface-pro-8.html
Laptop,Cellphones,Laptop ASUS Vivobook 15X OLED M1503QA-L1044W,ASUS,,"Nguyên hộp, đầy đủ phụ kiện từ nhà sản suất
Bảo hành pin 12 tháng",16.790.000 ₫,https://cellphones.com.vn/laptop-asus-vivobook-15x-oled-m1503qa-l1044w.html
Laptop,Cellphones,Apple Mac mini M1 16GB 256GB 2020 I Chính hãng Apple Việt Nam,Mac,,"Máy mới 100%, đầy đủ phụ kiện từ nhà sản xuất. Sản phẩm có mã SA/A (được Apple Việt Nam phân phối chính thức).",21.990.000 ₫,https://cellphones.com.vn/mac-mini-2020-m1-16gb.html
Laptop,Cellphones,Laptop Gaming Acer Aspire 7 A715-42G-R05G NH.QAYSV.007,Acer,,"Nguyên hộp, đầy đủ phụ kiện từ nhà sản suất
Bảo hành pin 12 tháng",18.890.000 ₫,https://cellphones.com.vn/laptop-acer-gaming-aspire-7-a715-42g-r05g.html
Laptop,Cellphones,Laptop ASUS X515MA-BR481W,ASUS,,"Nguyên hộp, đầy đủ phụ kiện từ nhà sản suất
Bảo hành pin 12 tháng",6.990.000 ₫,https://cellphones.com.vn/laptop-asus-x515ma-br481w.html
Laptop,Cellphones,Laptop MSI Modern A5M 239VN,MSI,,"Mới, đầy đủ phụ kiện từ nhà sản xuất",13.990.000 ₫,https://cellphones.com.vn/laptop-msi-modern-15-a5m-239vn.html
Laptop,Cellphones,Laptop Asus Zenbook 14 UX3402ZA-KM221W,ASUS,,"Nguyên hộp, đầy đủ phụ kiện từ nhà sản suất
Bảo hành pin 12 tháng",26.990.000 ₫,https://cellphones.com.vn/laptop-asus-zenbook-14-ux3402za-km221w.html
Laptop,Cellphones,Laptop Lenovo ThinkPad E14 21EB0063VN,Lenovo,,"Nguyên hộp, đầy đủ phụ kiện từ nhà sản suất
Bảo hành pin 12 tháng",19.990.000 ₫,https://cellphones.com.vn/laptop-lenovo-thinkpad-e14-21eb0063vn.html
Laptop,Cellphones,Laptop Asus Zenbook 14 UX3402ZA KM218W,ASUS,,"Nguyên hộp, đầy đủ phụ kiện từ nhà sản suất
Bảo hành pin 12 tháng",21.990.000 ₫,https://cellphones.com.vn/laptop-asus-zenbook-14-ux3402za-km218w.html
Laptop,Cellphones,Laptop Asus Rog Flow Z13 GZ301ZC-LD110W,ASUS,,"Nguyên hộp, đầy đủ phụ kiện từ nhà sản suất
Bảo hành pin 12 tháng",41.990.000 ₫,https://cellphones.com.vn/laptop-asus-rog-strix-gz301zc-ld110w.html
Laptop,Cellphones,Laptop Gaming MSI Bravo 15 B5DD 276VN,MSI,,"Mới, đầy đủ phụ kiện từ nhà sản xuất",15.490.000 ₫,https://cellphones.com.vn/laptop-msi-gaming-bravo-15-b5dd-276vn.html
Laptop,Cellphones,Laptop MSI Modern 14 C11M-011VN,MSI,,"Nguyên hộp, đầy đủ phụ kiện từ nhà sản suất
Bảo hành pin 12 tháng",10.990.000 ₫,https://cellphones.com.vn/laptop-msi-modern-14-c11m-011vn.html
Laptop,Cellphones,Laptop ASUS Vivobook Pro M6500QC-MA002W,ASUS,,"Nguyên hộp, đầy đủ phụ kiện từ nhà sản suất
Bảo hành pin 12 tháng",23.490.000 ₫,https://cellphones.com.vn/laptop-asus-vivobook-pro-m6500qc-ma002w.html
Laptop,Cellphones,Laptop MSI Modern 14 B11MOU-1032VN,MSI,,"Dây nguồn, Sách hướng dẫn, Sạc",14.790.000 ₫,https://cellphones.com.vn/laptop-msi-modern-14-b11mou-1032vn.html
Laptop,Cellphones,Laptop ASUS Gaming ROG Strix G15 G513IH-HN015T,ASUS,,"Nguyên hộp, đầy đủ phụ kiện từ nhà sản suất
Bảo hành pin 12 tháng",22.290.000 ₫,https://cellphones.com.vn/laptop-asus-rog-strix-g15-g513ih-hn015t.html
Laptop,Cellphones,Laptop Asus ExpertBook B5302FEA LF0749W,ASUS,,"Nguyên hộp, đầy đủ phụ kiện từ nhà sản suất
Bảo hành pin 12 tháng",16.990.000 ₫,https://cellphones.com.vn/laptop-asus-expertbook-b5302fea-lf0749w.html
Laptop,Cellphones,Laptop Lenovo Ideapad 3 15IAU7,Lenovo,,"Nguyên hộp, đầy đủ phụ kiện từ nhà sản suất
Bảo hành pin 12 tháng",11.890.000 ₫,https://cellphones.com.vn/laptop-lenovo-ideapad-3-15iau7-82rk005kvn.html
Laptop,Cellphones,Laptop Gaming Acer Nitro 5 Tiger AN515 58 52SP,Acer,,"Nguyên hộp, đầy đủ phụ kiện từ nhà sản suất
Bảo hành pin 12 tháng",25.990.000 ₫,https://cellphones.com.vn/laptop-gaming-acer-nitro-5-tiger-an515-58-52sp.html
Laptop,Cellphones,Laptop Lenovo Ideapad Gaming 3 15IAH7 82S900V3VN,Lenovo,,"Nguyên hộp, đầy đủ phụ kiện từ nhà sản suất
Bảo hành pin 12 tháng",23.590.000 ₫,https://cellphones.com.vn/laptop-lenovo-ideapad-gaming-3-15iah7-82s900v3vn.html
Laptop,Cellphones,Laptop LG Gram 2022 14ZD90Q-G.AX32A5,LG,,"Nguyên hộp, đầy đủ phụ kiện từ nhà sản suất
Bảo hành pin 12 tháng",18.490.000 ₫,https://cellphones.com.vn/laptop-lg-gram-2022-14zd90q-g-ax32a5.html
Laptop,Cellphones,Laptop Lenovo Yoga Slim 7 Pro 14IHU5 O 82NH008TVN,Lenovo,,"Nguyên hộp, đầy đủ phụ kiện từ nhà sản suất
Bảo hành pin 12 tháng",29.990.000 ₫,https://cellphones.com.vn/laptop-lenovo-yoga-slim-7-pro-14ihu5-o-82nh008tvn.html
Laptop,Cellphones,MacBook Pro 16 inch M2 Max 2023 (12 CPU - 38 GPU - 32GB - 1TB),Mac,,"Mới, đầy đủ phụ kiện từ nhà sản xuất",89.990.000 ₫,https://cellphones.com.vn/macbook-pro-16-inch-m2-max-2023.html
Laptop,Cellphones,Laptop Huawei Matebook 14,Huawei,,"Nguyên hộp, đầy đủ phụ kiện từ nhà sản suất
Bảo hành pin 12 tháng",24.400.000 ₫,https://cellphones.com.vn/laptop-huawei-matebook-14-i5-gen-12.html
Laptop,Cellphones,Laptop MSI Modern 15 A5M 237VN,MSI,,"Mới, đầy đủ phụ kiện từ nhà sản xuất",13.390.000 ₫,https://cellphones.com.vn/laptop-msi-modern-15-a5m-237vn.html
Laptop,Cellphones,Laptop Asus Vivobook 14 X1402ZA-EB100W,ASUS,,"Nguyên hộp, đầy đủ phụ kiện từ nhà sản suất
Bảo hành pin 12 tháng",11.690.000 ₫,https://cellphones.com.vn/laptop-asus-vivobook-14-x1402za-eb100w.html
Laptop,Cellphones,Laptop Lenovo ideapad 5 Pro 16ACH 82l500levn,Lenovo,,"Nguyên hộp, đầy đủ phụ kiện từ nhà sản suất
Bảo hành pin 12 tháng",27.990.000 ₫,https://cellphones.com.vn/laptop-lenovo-ideapad-5-pro-16ach6-82l500levn.html
Laptop,Cellphones,Laptop Asus Vivobook 15x Oled M1503QA-L1028W,ASUS,,"Nguyên hộp, đầy đủ phụ kiện từ nhà sản suất
Bảo hành pin 12 tháng",16.790.000 ₫,https://cellphones.com.vn/laptop-asus-vivobook-15x-oled-m1503qa-l1028w.html
Laptop,Cellphones,Laptop Xiaomi RedmiBook 15 JYU4506AP,Laptop mỏng nhẹ,,"Sách HDSD, sạc, củ sạc Laptop",13.290.000 ₫,https://cellphones.com.vn/laptop-xiaomi-redmibook-15-jyu4506ap.html
Laptop,Cellphones,Laptop Lenovo Ideapad Gaming 3 15IHU6 82K101HGVN,Lenovo,,"Mới, đầy đủ phụ kiện từ nhà sản xuất",18.990.000 ₫,https://cellphones.com.vn/laptop-lenovo-ideapad-gaming-3-15ihu6-82k101hgvn.html
Laptop,Cellphones,Laptop ASUS VivoBook Pro M3401QA-KM025W,ASUS,,"Nguyên hộp, đầy đủ phụ kiện từ nhà sản suất
Bảo hành pin 12 tháng",17.090.000 ₫,https://cellphones.com.vn/laptop-asus-vivobook-pro-m3401qa-km025w.html
Laptop,Cellphones,Laptop ASUS Rog Strix G15 G513IC-HN729W,ASUS,,"Mới, đầy đủ phụ kiện từ nhà sản xuất",20.490.000 ₫,https://cellphones.com.vn/laptop-asus-rog-strix-g15-g513ic-hn729w.html
Laptop,Cellphones,Laptop Dell Inspiron 15 3511 P112F001FBL,Dell,,"Nguyên hộp, đầy đủ phụ kiện từ nhà sản suất
Bảo hành pin 12 tháng",14.990.000 ₫,https://cellphones.com.vn/laptop-dell-inspiron-15-3511-p112f001fbl.html
Laptop,Cellphones,Apple MacBook Air 13 256GB 2020 I I Chính hãng Apple Việt Nam,Mac,,"Máy mới 100%, đầy đủ phụ kiện từ nhà sản xuất. Sản phẩm có mã SA/A (được Apple Việt Nam phân phối chính thức).",23.020.000 ₫,https://cellphones.com.vn/apple-macbook-air-13-2020-256-gb.html
Laptop,Cellphones,Laptop ASUS TUF Gaming F15 FX507ZC-HN124W,ASUS,,"Nguyên hộp, đầy đủ phụ kiện từ nhà sản suất
Bảo hành pin 12 tháng",25.990.000 ₫,https://cellphones.com.vn/laptop-asus-tuf-gaming-f15-fx507zc-hn124w.html
Laptop,Cellphones,Laptop Lenovo Gaming Legion 5 15ARH7 82RE002VVN,Lenovo,,"Mới, đầy đủ phụ kiện từ nhà sản xuất",24.490.000 ₫,https://cellphones.com.vn/laptop-lenovo-gaming-legion-5-15arh7-82re002vvn.html
Laptop,Cellphones,Laptop Dell Vostro 3510 P112F002BBL,Dell,,"Nguyên hộp, đầy đủ phụ kiện từ nhà sản suất
Bảo hành pin 12 tháng",18.490.000 ₫,https://cellphones.com.vn/laptop-dell-vostro-3510-p112f002bbl.html
Laptop,Cellphones,Laptop Asus VivoBook 15 OLED A1505VA-L1201W,ASUS,,"Nguyên hộp, đầy đủ phụ kiện từ nhà sản suất
Bảo hành pin 12 tháng",23.990.000 ₫,https://cellphones.com.vn/laptop-asus-vivobook-15-oled-a1505va-l1201w.html
Laptop,Cellphones,Laptop HP Envy X360 13-BF0094TU 76B14PA,HP,,"Mới, đầy đủ phụ kiện từ nhà sản xuất",22.990.000 ₫,https://cellphones.com.vn/laptop-hp-envy-x360-13-bf0094tu-76b14pa.html
Laptop,Cellphones,Laptop HP Pavilion 15-EG2037TX 6K783PA,HP,,"Nguyên hộp, đầy đủ phụ kiện từ nhà sản suất
Bảo hành pin 12 tháng",14.990.000 ₫,https://cellphones.com.vn/laptop-hp-pavilion-15-eg2037tx-6k783pa.html
Laptop,Cellphones,Laptop Lenovo Gaming Legion 5 15ACH6H 82JU00DGVN,Lenovo,,"Nguyên hộp, đầy đủ phụ kiện từ nhà sản suất
Bảo hành pin 12 tháng",36.990.000 ₫,https://cellphones.com.vn/laptop-lenovo-gaming-legion-5-15ach6h-82ju00dgvn.html
Laptop,Cellphones,Surface Laptop 4,Laptop 13 inch,,"Mới, đầy đủ phụ kiện từ nhà sản xuất",18.990.000 ₫,https://cellphones.com.vn/surface-laptop-4-r5-4680u-8gb-128gb-13-5-inch.html
Laptop,Cellphones,Laptop ASUS ZenBook UM5302TA-LX087W,ASUS,,"Nguyên hộp, đầy đủ phụ kiện từ nhà sản suất
Bảo hành pin 12 tháng",23.990.000 ₫,https://cellphones.com.vn/laptop-asus-zenbook-um5302ta-lx087w.html
Laptop,Cellphones,Laptop HP Pavilion X360 14-EK0134TU 7C0P8PA,HP,,"Mới, đầy đủ phụ kiện từ nhà sản xuất",18.690.000 ₫,https://cellphones.com.vn/laptop-hp-pavilion-x360-14-ek0134tu-7c0p8pa.html
Laptop,Cellphones,Surface Pro 7 Plus Core i5 / 8GB / 128GB Nhập Khẩu Chính Hãng,Laptop core i5,,"Nguyên hộp, đầy đủ phụ kiện từ nhà sản xuất",19.990.000 ₫,https://cellphones.com.vn/surface-pro-7-plus.html
Laptop,Cellphones,Laptop Asus Vivobook 15X OLED A1503ZA-L1150W,ASUS,,"Nguyên hộp, đầy đủ phụ kiện từ nhà sản suất
Bảo hành pin 12 tháng",13.890.000 ₫,https://cellphones.com.vn/laptop-asus-vivobook-15x-oled-a1503za-l1150w.html
Laptop,Cellphones,Laptop Asus Expertbook B5 B5402CEA-KI0197W,ASUS,,"Mới, đầy đủ phụ kiện từ nhà sản xuất",15.990.000 ₫,https://cellphones.com.vn/laptop-asus-expertbook-b5-b5402cea-ki0197w.html
Laptop,Cellphones,Laptop ASUS Zenbook Pro 14 Duo OLED UX8402ZE-M3074W,ASUS,,"Nguyên hộp, đầy đủ phụ kiện từ nhà sản suất
Bảo hành pin 12 tháng",60.990.000 ₫,https://cellphones.com.vn/laptop-asus-zenbook-pro-14-duo-oled-ux8402ze-m3074w.html
Laptop,Cellphones,Laptop Dell Latitude 3520 70251592,Dell,,"Nguyên hộp, đầy đủ phụ kiện từ nhà sản suất
Bảo hành pin 12 tháng",15.990.000 ₫,https://cellphones.com.vn/laptop-dell-latitude-3520-70251592.html
Laptop,Cellphones,Laptop Lenovo Ideapad Yoga 6 13ALC6 82ND00BDVN,Lenovo,,"Nguyên hộp, đầy đủ phụ kiện từ nhà sản suất
Bảo hành pin 12 tháng",15.490.000 ₫,https://cellphones.com.vn/laptop-lenovo-ideapad-yoga-6-13alc6-82nd00bdvn.html
Laptop,Cellphones,Laptop HP 245 G9 6L1N8PA,Laptop 14 inch,,"Nguyên hộp, đầy đủ phụ kiện từ nhà sản suất
Bảo hành pin 12 tháng",11.990.000 ₫,https://cellphones.com.vn/laptop-hp-245-g9-6l1n8pa.html
Laptop,Cellphones,Laptop MSI Modern 15 A11MU-1023VN,MSI,,"Nguyên hộp, đầy đủ phụ kiện từ nhà sản suất
Bảo hành pin 12 tháng",13.490.000 ₫,https://cellphones.com.vn/laptop-msi-modern-15-a11mu-1023vn.html
Laptop,Cellphones,Mac Studio 2022 M1 Max 10 CPU | Chính hãng Apple Việt Nam,Mac,,"Máy mới 100%, đầy đủ phụ kiện từ nhà sản xuất. Sản phẩm có mã SA/A (được Apple Việt Nam phân phối chính thức).",49.990.000 ₫,https://cellphones.com.vn/mac-studio-2022.html
Laptop,Cellphones,Laptop Dell Vostro 3400 70270644,Dell,,"Nguyên hộp, đầy đủ phụ kiện từ nhà sản suất
Bảo hành pin 12 tháng",11.990.000 ₫,https://cellphones.com.vn/laptop-dell-vostro-3400-70270644.html
Laptop,Cellphones,Laptop Gigabyte G5 GD-51S1123SO,Laptop đồ họa,,"Dây nguồn, Sách hướng dẫn, Thùng máy, Sạc Laptop Gigabyte",18.490.000 ₫,https://cellphones.com.vn/laptop-gigabyte-g5-gd-51s1123so.html
Laptop,Cellphones,Laptop Lenovo Thinkbook 14S G2 ITL 20VA003NVN,Lenovo,,"Mới, đầy đủ phụ kiện từ nhà sản xuất",16.990.000 ₫,https://cellphones.com.vn/laptop-lenovo-thinkbook-14s-g2-itl-20va003nvn.html
Laptop,Cellphones,Laptop Huawei Matebook D16,Huawei,,"Nguyên hộp, đầy đủ phụ kiện từ nhà sản suất
Bảo hành pin 12 tháng",21.700.000 ₫,https://cellphones.com.vn/laptop-huawei-matebook-d16.html
Laptop,Cellphones,Laptop Dell Inspiron 15 3520 71003262,Dell,,"Nguyên hộp, đầy đủ phụ kiện từ nhà sản suất
Bảo hành pin 12 tháng",19.990.000 ₫,https://cellphones.com.vn/laptop-dell-inspiron-15-3520-71003262.html
Laptop,Cellphones,MacBook Pro 16 inch M2 Pro 2023 (12 CPU - 19 GPU - 16GB - 1TB),Mac,,1 ĐỔI 1 trong 30 ngày nếu có lỗi phần cứng nhà sản xuất. Bảo hành 12 tháng tại trung tâm bảo hành chính hãng Apple : Điện Thoại Vui ASP (Apple Authorized Service Provider)(xem chi tiết),63.990.000 ₫,https://cellphones.com.vn/macbook-pro-16-inch-m2-pro-1tb-2023.html
Laptop,Cellphones,Laptop Asus Vivobook Flip 14 TP470EA EC347W,ASUS,,"Nguyên hộp, đầy đủ phụ kiện từ nhà sản suất
Bảo hành pin 12 tháng",17.990.000 ₫,https://cellphones.com.vn/laptop-asus-vivobook-flip-14-tp470ea-ec347w.html
Laptop,Cellphones,Laptop Asus Vivobook Flip 14 TP470EA EC346W,ASUS,,"Nguyên hộp, đầy đủ phụ kiện từ nhà sản suất
Bảo hành pin 12 tháng",11.490.000 ₫,https://cellphones.com.vn/laptop-asus-vivobook-flip-14-tp470ea-ec346w.html
Laptop,Cellphones,Laptop Lenovo Yoga Slim 7 14ACN6 82N7002MVN,Lenovo,,"Nguyên hộp, đầy đủ phụ kiện từ nhà sản suất
Bảo hành pin 12 tháng",20.990.000 ₫,https://cellphones.com.vn/laptop-lenovo-yoga-slim-7-14acn6-82n7002mvn.html
Laptop,Cellphones,Macbook Pro 16 inch 2021 | Chính hãng Apple Việt Nam,Mac,,"Máy mới 100%, đầy đủ phụ kiện từ nhà sản xuất. Sản phẩm có mã SA/A (được Apple Việt Nam phân phối chính thức).",56.990.000 ₫,https://cellphones.com.vn/macbook-pro-16-inch-2021.html
Laptop,Cellphones,Laptop Lenovo Legion 7 16ACHG6 82N600NUVN,Laptop 16 inch,,"Nguyên hộp, đầy đủ phụ kiện từ nhà sản suất
Bảo hành pin 12 tháng",48.990.000 ₫,https://cellphones.com.vn/laptop-lenovo-legion-7-16achg6-82n600nuvn.html
Laptop,Cellphones,Laptop Lenovo Ideapad Gaming 3 15ACH6 82K2010GVN,Lenovo,,"Nguyên hộp, đầy đủ phụ kiện từ nhà sản suất
Bảo hành pin 12 tháng",19.490.000 ₫,https://cellphones.com.vn/laptop-lenovo-ideapad-gaming-3-15ach6-82k2010gvn.html
Laptop,Cellphones,Laptop Asus Vivobook 14X A1403ZA-LY072W,ASUS,,"Nguyên hộp, đầy đủ phụ kiện từ nhà sản suất
Bảo hành pin 12 tháng",13.190.000 ₫,https://cellphones.com.vn/laptop-asus-vivobook-14x-a1403za-ly072w.html
Laptop,Cellphones,Surface Pro 8 Core i7 / 16GB / 256GB Nhập Khẩu Chính Hãng,Laptop Core i9,,"Mới, đầy đủ phụ kiện từ nhà sản xuất",39.990.000 ₫,https://cellphones.com.vn/surface-laptop-pro-8-core-i7-ram-8gb-ssd-256gb.html
Laptop,Cellphones,Laptop Lenovo Ideapad 3 14IAU7 82RJ001BVN,Lenovo,,"Nguyên hộp, đầy đủ phụ kiện từ nhà sản suất
Bảo hành pin 12 tháng",14.790.000 ₫,https://cellphones.com.vn/laptop-lenovo-ideapad-3-14iau7-82rj001bvn.html
Laptop,Cellphones,Laptop MSI Gaming Katana GF66 11UE-824VN,MSI,,"Mới, đầy đủ phụ kiện từ nhà sản xuất",26.990.000 ₫,https://cellphones.com.vn/laptop-msi-gaming-katana-gf66-11ue-824vn.html
Laptop,Cellphones,Mac mini M2 2023 (8 CPU - 10 GPU - 16GB - 512GB) | Chính hãng Apple Việt Nam,Mac,,"Mới, đầy đủ phụ kiện từ nhà sản xuất",26.990.000 ₫,https://cellphones.com.vn/mac-mini-m2-16gb-512gb-2023.html
Laptop,Cellphones,Laptop HP 15-DW3033DX 405F6UA,Laptop Core i3,,"Nguyên hộp, đầy đủ phụ kiện từ nhà sản suất
Bảo hành pin 12 tháng",10.490.000 ₫,https://cellphones.com.vn/laptop-hp-15-dw3033dx-405f6ua.html
Laptop,Cellphones,Laptop Dell Vostro 5620 P117F001AGR,Dell,,"Nguyên hộp, đầy đủ phụ kiện từ nhà sản suất
Bảo hành pin 12 tháng",26.990.000 ₫,https://cellphones.com.vn/laptop-dell-vostro-5620-p117f001agr.html
Laptop,Cellphones,Laptop Lenovo Ideapad Gaming 3 15IAH7 82S9006YVN,Lenovo,,"Nguyên hộp, đầy đủ phụ kiện từ nhà sản suất
Bảo hành pin 12 tháng",20.490.000 ₫,https://cellphones.com.vn/laptop-lenovo-ideapad-gaming-3-15iah7-82s9006yvn.html
Laptop,Cellphones,Surface Pro 7 Core i7 / 16GB / 256GB Nhập khẩu Chính Hãng,Laptop Core i7,,"Mới, đầy đủ phụ kiện từ nhà sản xuất",31.290.000 ₫,https://cellphones.com.vn/surface-laptop-pro-7-core-i7-ram-16gb-ssd-256gb-12-3inch.html
Laptop,Cellphones,Laptop Dell gaming G15 5511 4XJ74 Nhập khẩu chính hãng,Dell,,"Nguyên hộp, đầy đủ phụ kiện từ nhà sản suất
Bảo hành pin 12 tháng",26.990.000 ₫,https://cellphones.com.vn/laptop-dell-gaming-g15-5511-4xj74.html
Laptop,Cellphones,Laptop Asus VivoBook X515EA-EJ3633W,ASUS,,"Nguyên hộp, đầy đủ phụ kiện từ nhà sản suất
Bảo hành pin 12 tháng",11.290.000 ₫,https://cellphones.com.vn/laptop-asus-vivobook-x515ea-ej3633w.html
Laptop,Cellphones,Laptop Asus Vivobook Pro M3401QA KM006W,ASUS,,"Nguyên hộp, đầy đủ phụ kiện từ nhà sản suất
Bảo hành pin 12 tháng",16.390.000 ₫,https://cellphones.com.vn/laptop-asus-vivobook-pro-m3401qa-km006w.html
Laptop,Cellphones,Laptop Dell Insprion 14 5406-3661SLV Nhập khẩu chính hãng,Dell,,"Nguyên hộp, đầy đủ phụ kiện từ nhà sản suất
Bảo hành pin 12 tháng",12.990.000 ₫,https://cellphones.com.vn/laptop-dell-insprion-14-5406-3661slv.html
Laptop,Cellphones,Laptop Asus TUF Gaming F17 FX706HC-HX579W,ASUS,,"Nguyên hộp, đầy đủ phụ kiện từ nhà sản suất
Bảo hành pin 12 tháng",19.990.000 ₫,https://cellphones.com.vn/laptop-asus-tuf-gaming-f17-fx706hc-hx579w.html
Laptop,Cellphones,Laptop HP Pavilion 14-DV2076TU 7C0P4PA,HP,,"Mới, đầy đủ phụ kiện từ nhà sản xuất",15.690.000 ₫,https://cellphones.com.vn/laptop-hp-pavilion-14-dv2076tu-7c0p4pa.html
Laptop,Cellphones,Laptop Asus Vivobook 15 R565EA UH51T,ASUS,,"Nguyên hộp, đầy đủ phụ kiện từ nhà sản suất
Bảo hành pin 12 tháng",14.490.000 ₫,https://cellphones.com.vn/laptop-asus-vivobook-15-r565ea-uh51t.html
Laptop,Cellphones,Laptop ASUS TUF Gaming A15 FA506ICB-HN355W,ASUS,,"Nguyên hộp, đầy đủ phụ kiện từ nhà sản suất
Bảo hành pin 12 tháng",18.590.000 ₫,https://cellphones.com.vn/laptop-asus-tuf-gaming-a15-fa506icb-hn355w.html
Laptop,Cellphones,Laptop Asus Expertbook B1500CEPE EJ0727T,ASUS,,"Nguyên hộp, đầy đủ phụ kiện từ nhà sản suất
Bảo hành pin 12 tháng",16.990.000 ₫,https://cellphones.com.vn/laptop-asus-expertbook-b1500cepe-ej0727t.html
Laptop,Cellphones,Laptop MSI Gaming GF63 Thin 11UC-1228VN,MSI,,"Mới, đầy đủ phụ kiện từ nhà sản xuất",21.290.000 ₫,https://cellphones.com.vn/laptop-msi-gaming-gf63-thin-11uc-1228vn.html
Laptop,Cellphones,Laptop Gigabyte G5 GE-51VN263SH,Laptop core i5,,"Nguyên hộp, đầy đủ phụ kiện từ nhà sản suất
Bảo hành pin 12 tháng",19.990.000 ₫,https://cellphones.com.vn/laptop-gigabyte-g5-ge-51vn263sh.html
Laptop,Cellphones,Laptop MSI Crosshair 15 B12UEZ-460VN,MSI,,Bảo hành 24 tháng tại trung tâm bảo hành Chính hãng. 1 đổi 1 trong 30 ngày nếu có lỗi phần cứng từ nhà sản xuất. (xem chi tiết),33.490.000 ₫,https://cellphones.com.vn/laptop-msi-gaming-crosshair-15-b12uez-460vn.html
Laptop,Cellphones,Laptop MSI Modern 14 B11SBU-668VN,MSI,,"Mới, đầy đủ phụ kiện từ nhà sản xuất",13.990.000 ₫,https://cellphones.com.vn/laptop-msi-modern-14-14-b11sbu-668vn.html
Laptop,Cellphones,Laptop Dell Gaming G15 Ryzen Edition 5515 70266674,Dell,,"Nguyên hộp, đầy đủ phụ kiện từ nhà sản suất
Bảo hành pin 12 tháng",26.990.000 ₫,https://cellphones.com.vn/laptop-dell-gaming-g15-ryzen-edition-5515-70266674.html
Laptop,Cellphones,Laptop ASUS Vivobook Flip S 14 Flip TP3402ZA-LZ159W,ASUS,,"Nguyên hộp, đầy đủ phụ kiện từ nhà sản suất
Bảo hành pin 12 tháng",18.390.000 ₫,https://cellphones.com.vn/laptop-asus-vivobook-flip-s-14-flip-tp3402za-lz159w.html
Laptop,Cellphones,Laptop Asus ZenBook 14 OLED UX3402VA-KM203W,ASUS,,"Nguyên hộp, đầy đủ phụ kiện từ nhà sản suất
Bảo hành pin 12 tháng",25.990.000 ₫,https://cellphones.com.vn/laptop-asus-zenbook-14-oled-ux3402va-km203w.html
Laptop,Cellphones,Laptop Lenovo Yoga Slim Carbon 7 14ANC6 82L0005BVN,Lenovo,,"Nguyên hộp, đầy đủ phụ kiện từ nhà sản suất
Bảo hành pin 12 tháng",28.490.000 ₫,https://cellphones.com.vn/laptop-lenovo-yoga-slim-7-carbon-14acn6-82l0005bvn.html
Laptop,Cellphones,Laptop ASUS TUF Dash F15 FX517ZE-HN045W,ASUS,,"Nguyên hộp, đầy đủ phụ kiện từ nhà sản suất
Bảo hành pin 12 tháng",22.790.000 ₫,https://cellphones.com.vn/laptop-asus-tuf-dash-f15-fx517ze-hn045w.html
Laptop,Cellphones,Laptop Dell Vostro 14 3400 YX51W3,Dell,,"Nguyên hộp, đầy đủ phụ kiện từ nhà sản suất
Bảo hành pin 12 tháng",17.490.000 ₫,https://cellphones.com.vn/laptop-dell-vostro-14-3400-yx51w3.html
Laptop,Cellphones,Laptop LG Gram 2022 14ZD90Q-G.AX56A5,LG,,"Nguyên hộp, đầy đủ phụ kiện từ nhà sản suất
Bảo hành pin 12 tháng",27.490.000 ₫,https://cellphones.com.vn/laptop-lg-gram-2022-14zd90q-g-ax56a5.html
Laptop,Cellphones,Laptop Asus ZenBook 14 OLED UX3402VA-KM085W,ASUS,,"Nguyên hộp, đầy đủ phụ kiện từ nhà sản suất
Bảo hành pin 12 tháng",25.990.000 ₫,https://cellphones.com.vn/laptop-asus-zenbook-14-oled-ux3402va-km085w.html
Laptop,Cellphones,Laptop Dell Latitude 3520 70251603,Dell,,"Nguyên hộp, đầy đủ phụ kiện từ nhà sản suất
Bảo hành pin 12 tháng",8.990.000 ₫,https://cellphones.com.vn/laptop-dell-latitude-3520-70251603.html
Laptop,Cellphones,Laptop Asus VivoBook S 14 Flip TP3402VA-LZ031W,ASUS,,"Nguyên hộp, đầy đủ phụ kiện từ nhà sản suất
Bảo hành pin 12 tháng",20.490.000 ₫,https://cellphones.com.vn/laptop-asus-vivobook-s-14-flip-tp3402va-lz031w.html
Laptop,Cellphones,Laptop Asus TUF Gaming A15 A15 FA507RR-HN835W,ASUS,,"Nguyên hộp, đầy đủ phụ kiện từ nhà sản suất
Bảo hành pin 12 tháng",35.490.000 ₫,https://cellphones.com.vn/laptop-asus-tuf-gaming-a15-fa507rr-hn835w.html
Laptop,Cellphones,Laptop Fujitsu UH-X 9U13A2 4ZR1G97609,Laptop Văn phòng,,"Mới, đầy đủ phụ kiện từ nhà sản xuất",19.690.000 ₫,https://cellphones.com.vn/laptop-fujitsu-uh-x-9u13a2-4zr1g97609.html
Laptop,Cellphones,Surface Pro 8 Core i5 / 8GB / 256GB Nhập Khẩu Chính Hãng,Laptop mỏng nhẹ,,"Mới, đầy đủ phụ kiện từ nhà sản xuất",27.490.000 ₫,https://cellphones.com.vn/surface-laptop-pro-8-core-i5-ram-8gb-ssd-256gb.html
Laptop,Cellphones,MacBook Pro 16 inch M2 Pro 2023 (12 CPU - 19 GPU - 32GB - 512GB),Mac,,"Mới, đầy đủ phụ kiện từ nhà sản xuất",73.990.000 ₫,https://cellphones.com.vn/macbook-pro-16-inch-m2-pro-32gb-2023.html
Laptop,Cellphones,Laptop ASUS TUF Dash F15 FX517ZM-HN480W,ASUS,,"Nguyên hộp, đầy đủ phụ kiện từ nhà sản suất
Bảo hành pin 12 tháng",27.490.000 ₫,https://cellphones.com.vn/laptop-asus-tuf-dash-f15-fx517zm-hn480w.html
Laptop,Cellphones,Laptop HP Envy X360 13M-BD10033DX,HP,,"Nguyên hộp, đầy đủ phụ kiện từ nhà sản suất
Bảo hành pin 12 tháng",24.490.000 ₫,https://cellphones.com.vn/laptop-hp-envy-x360-13m-bd0033dx.html
Laptop,Cellphones,Laptop Lenovo Gaming Legion 5 15IAH7H 82RB0048VN,Lenovo,,"Nguyên hộp, đầy đủ phụ kiện từ nhà sản suất
Bảo hành pin 12 tháng",31.990.000 ₫,https://cellphones.com.vn/laptop-lenovo-gaming-legion-5-15iah7h-82rb0048vn.html
Laptop,Cellphones,Laptop Acer Aspire 5 A514-54-5127 NX.A28SV.007,Acer,,"Nguyên hộp, đầy đủ phụ kiện từ nhà sản suất
Bảo hành pin 12 tháng",15.490.000 ₫,https://cellphones.com.vn/laptop-acer-aspire-5-a514-54-5127.html
Laptop,Cellphones,Laptop Gaming Acer Nitro 5 Tiger AN515 58 773Y,Acer,,Nhắn tin hoặc gọi tổng đài 1800.2097 để được hỗ trợ nếu không tìm được cửa hàng có hàng gần bạn,29.990.000 ₫,https://cellphones.com.vn/laptop-gaming-acer-nitro-5-tiger-an515-58-773y.html
Laptop,Cellphones,Laptop Asus Vivobook Slate OLED T3304GA-LQ021WS,ASUS,,"Mới, đầy đủ phụ kiện từ nhà sản xuất",19.990.000 ₫,https://cellphones.com.vn/laptop-asus-vivobook-13-slate-oled-t3300.html
Laptop,Cellphones,Laptop MSI Modern 14 B11MOU-848VN,MSI,,"Mới, đầy đủ phụ kiện từ nhà sản xuất",20.490.000 ₫,https://cellphones.com.vn/laptop-msi-modern-14-b11mou-848vn.html
Laptop,Cellphones,Laptop MSi Gaming GF63 11UC 443VN,MSI,,"Dây nguồn, Sách hướng dẫn, Sạc",17.990.000 ₫,https://cellphones.com.vn/laptop-msi-gaming-gf63-11uc-443vn.html
Laptop,Cellphones,Laptop Lenovo Ideapad Gaming 3 15IAH7 82S90086VN,Lenovo,,"Nguyên hộp, đầy đủ phụ kiện từ nhà sản suất
Bảo hành pin 12 tháng",23.900.000 ₫,https://cellphones.com.vn/laptop-lenovo-ideapad-gaming-3-15iah7-82s90086vn.html
Laptop,Cellphones,Macbook Pro 14 inch M2 Max 2023 (12 CPU - 30 GPU - 32GB - 1TB),Mac,,"Mới, đầy đủ phụ kiện từ nhà sản xuất",76.990.000 ₫,https://cellphones.com.vn/macbook-pro-14-inch-m2-max-2023.html
Laptop,Cellphones,Laptop ASUS TUF Gaming FX516PE-HN005T,ASUS,,"Nguyên hộp, đầy đủ phụ kiện từ nhà sản suất
Bảo hành pin 12 tháng",27.590.000 ₫,https://cellphones.com.vn/laptop-asus-tuf-gaming-fx516pe-hn005t.html
Laptop,Cellphones,Laptop Gigabyte G5 GE-51VN213SH,Gigabyte,,"Mới, đầy đủ phụ kiện từ nhà sản xuất",20.990.000 ₫,https://cellphones.com.vn/laptop-gigabyte-g5-ge-51vn213sh.html
Laptop,Cellphones,Laptop Lenovo Ideapad 15IAU7 82RK001NVN,Lenovo,,"Nguyên hộp, đầy đủ phụ kiện từ nhà sản suất
Bảo hành pin 12 tháng",12.690.000 ₫,https://cellphones.com.vn/laptop-lenovo-ideapad-15iau7-82rk001nvn.html
Laptop,Cellphones,Laptop Lenovo Ideapad 3 15ABA7 82RN0070VN,Lenovo,,"Mới, đầy đủ phụ kiện từ nhà sản xuất",12.890.000 ₫,https://cellphones.com.vn/laptop-lenovo-ideapad-3-15aba7-82rn0070vn.html
Laptop,Cellphones,Laptop Lenovo Ideapad 5 14ABA7 82SE007DVN,Lenovo,,"Nguyên hộp, đầy đủ phụ kiện từ nhà sản suất
Bảo hành pin 12 tháng",16.290.000 ₫,https://cellphones.com.vn/laptop-lenovo-ideapad-5-14aba7-82se007dvn.html
Laptop,Cellphones,Laptop Asus Zenbook 14 Flip OLED UP3404VA-KN038W,ASUS,,"Nguyên hộp, đầy đủ phụ kiện từ nhà sản suất
Bảo hành pin 12 tháng",27.990.000 ₫,https://cellphones.com.vn/laptop-asus-zenbook-14-flip-oled-up3404va-kn038w.html
Laptop,Cellphones,Laptop ASUS Vivobook 15X A1503ZA-L1421W,ASUS,,"Nguyên hộp, đầy đủ phụ kiện từ nhà sản suất
Bảo hành pin 12 tháng",17.290.000 ₫,https://cellphones.com.vn/laptop-asus-vivobook-15x-a1503za-l1421w.html
Laptop,Cellphones,Laptop ASUS VivoBook X1502ZA-BQ127W,ASUS,,"Nguyên hộp, đầy đủ phụ kiện từ nhà sản suất
Bảo hành pin 12 tháng",15.590.000 ₫,https://cellphones.com.vn/laptop-asus-vivobook-x1502za-bq127w.html
Laptop,Cellphones,Surface Laptop Go 12.4 Nhập Khẩu Chính Hãng,Laptop core i5,,"Mới, đầy đủ phụ kiện từ nhà sản xuất",14.690.000 ₫,https://cellphones.com.vn/surface-laptop-go-21k-00019.html
Laptop,Cellphones,Laptop HP Pavilion x360 14 EK0056TU 6L294PA,HP,,"Nguyên hộp, đầy đủ phụ kiện từ nhà sản suất
Bảo hành pin 12 tháng",19.290.000 ₫,https://cellphones.com.vn/laptop-hp-pavilion-x360-14-ek0056tu-6l294pa.html
Laptop,Cellphones,Laptop Lenovo IdeaPad 3 14ABA7 82RM003UVN,Lenovo,,"Nguyên hộp, đầy đủ phụ kiện từ nhà sản suất
Bảo hành pin 12 tháng",15.490.000 ₫,https://cellphones.com.vn/laptop-lenovo-ideapad-3-14aba7-82rm003uvn.html
Laptop,Cellphones,Laptop ASUS TUF Gaming A15 FA507RE-HN007W,ASUS,,"Nguyên hộp, đầy đủ phụ kiện từ nhà sản suất
Bảo hành pin 12 tháng",23.490.000 ₫,https://cellphones.com.vn/laptop-asus-tuf-gaming-a15-fa507re-hn007w.html
Laptop,Cellphones,Laptop HP Gaming Victus 16-E1106AX 7C0T1PA,HP,,"Mới, đầy đủ phụ kiện từ nhà sản xuất",21.490.000 ₫,https://cellphones.com.vn/laptop-hp-gaming-victus-16-e1106ax-7c0t1pa.html
Laptop,Cellphones,Laptop LG Gram 2022 14ZD90Q-G.AX51A5,LG,,"Nguyên hộp, đầy đủ phụ kiện từ nhà sản suất
Bảo hành pin 12 tháng",20.590.000 ₫,https://cellphones.com.vn/laptop-lg-gram-2022-14zd90q-g-ax51a5.html
Laptop,Cellphones,Laptop Acer Swift 3 SF314-43-R4X3 NX.AB1SV.004,Acer,,"Nguyên hộp, đầy đủ phụ kiện từ nhà sản suất
Bảo hành pin 12 tháng",18.990.000 ₫,https://cellphones.com.vn/laptop-acer-swift-3-sf314-43-r4x3.html
Laptop,Cellphones,Laptop Dell Inspiron 15 3520 71001747,Dell,,"Nguyên hộp, đầy đủ phụ kiện từ nhà sản suất
Bảo hành pin 12 tháng",20.590.000 ₫,https://cellphones.com.vn/laptop-dell-inspiron-15-3520-71001747.html
Laptop,Cellphones,Laptop Asus VivoBook S 14 Flip TN3402YA-LZ026W,ASUS,,"Nguyên hộp, đầy đủ phụ kiện từ nhà sản suất
Bảo hành pin 12 tháng",17.490.000 ₫,https://cellphones.com.vn/laptop-asus-vivobook-s-14-flip-tn3402ya-lz026w.html
Laptop,Cellphones,Laptop Asus Vivobook 14X A1403ZA-KM067W,ASUS,,"Nguyên hộp, đầy đủ phụ kiện từ nhà sản suất
Bảo hành pin 12 tháng",16.490.000 ₫,https://cellphones.com.vn/laptop-asus-vivobook-14x-a1403za-km067w.html
Laptop,Cellphones,Laptop HP Pavilion 14-DV2075TU 7C0W2PA,HP,,"Mới, đầy đủ phụ kiện từ nhà sản xuất",16.690.000 ₫,https://cellphones.com.vn/laptop-hp-pavilion-14-dv2075tu-7c0w2pa.html
Laptop,Cellphones,Laptop MSI Modern 15 A5M 238VN,MSI,,"Mới, đầy đủ phụ kiện từ nhà sản xuất",13.290.000 ₫,https://cellphones.com.vn/laptop-msi-modern-15-a5m-238vn.html
Laptop,Cellphones,Laptop Huawei Matebook D15,Huawei,,"Nguyên hộp, đầy đủ phụ kiện từ nhà sản suất
Bảo hành pin 12 tháng",14.990.000 ₫,https://cellphones.com.vn/laptop-huawei-matebook-d15.html
Laptop,Cellphones,Laptop ASUS TUF Gaming A15 FA506IHRB-HN080W,ASUS,,"Nguyên hộp, đầy đủ phụ kiện từ nhà sản suất
Bảo hành pin 12 tháng",15.990.000 ₫,https://cellphones.com.vn/laptop-asus-tuf-gaming-a15-fa506ihrb-hn080w.html
Laptop,Cellphones,Laptop Gaming Acer Nitro 5 Eagle AN515-57-5669 NH.QEHSV.001,Acer,,"Nguyên hộp, đầy đủ phụ kiện từ nhà sản suất
Bảo hành pin 12 tháng",21.490.000 ₫,https://cellphones.com.vn/laptop-gaming-acer-nitro-5-eagle-an515-57-5669.html
Laptop,Cellphones,Laptop Dell Inspiron 3511 P112F001ABL,Dell,,"Nguyên hộp, đầy đủ phụ kiện từ nhà sản suất
Bảo hành pin 12 tháng",12.490.000 ₫,https://cellphones.com.vn/laptop-dell-inspiron-3511-p112f001abl.html
Laptop,Cellphones,Laptop Dell Vostro 3510 7T2YC5,Dell,,"Nguyên hộp, đầy đủ phụ kiện từ nhà sản suất
Bảo hành pin 12 tháng",14.990.000 ₫,https://cellphones.com.vn/laptop-dell-insprion-3510-7t2yc5.html
Laptop,Cellphones,Laptop HP Pavilion X360 14-EK00013,HP,,"Mới, đầy đủ phụ kiện từ nhà sản xuất",13.490.000 ₫,https://cellphones.com.vn/laptop-hp-pavilion-x360-14-ek00013.html
Laptop,Cellphones,Mac mini M2 Pro 2023 (10 CPU - 16 GPU - 32GB - 512GB) | Chính hãng Apple Việt Nam,Mac,,"Mới, đầy đủ phụ kiện từ nhà sản xuất",43.990.000 ₫,https://cellphones.com.vn/mac-mini-m2-pro-32gb-2023.html
Laptop,Cellphones,Laptop ASUS TUF Gaming F17 FX706HC-HX105W,ASUS,,"Nguyên hộp, đầy đủ phụ kiện từ nhà sản suất
Bảo hành pin 12 tháng",21.690.000 ₫,https://cellphones.com.vn/laptop-asus-tuf-gaming-f17-fx706hc-hx105w.html
Laptop,Cellphones,Laptop ASUS Flip BR1100FKA-BP1135W,Laptop 12 inch,,"Nguyên hộp, đầy đủ phụ kiện từ nhà sản suất
Bảo hành pin 12 tháng",5.990.000 ₫,https://cellphones.com.vn/laptop-asus-flip-br1100fka-bp1135w.html
Laptop,Cellphones,Laptop Acer Gaming Aspire 7 A715-43G-R8GA NH.QHDSV.002,Acer,,"Nguyên hộp, đầy đủ phụ kiện từ nhà sản suất
Bảo hành pin 12 tháng",21.090.000 ₫,https://cellphones.com.vn/laptop-acer-gaming-aspire-7-a715-43g-r8ga.html
Laptop,Cellphones,Laptop Lenovo Yoga Slim 7 Pro 14IHU5 O 82NH00AEVN,Lenovo,,"Nguyên hộp, đầy đủ phụ kiện từ nhà sản suất
Bảo hành pin 12 tháng",21.990.000 ₫,https://cellphones.com.vn/laptop-lenovo-yoga-slim-7-pro-14ihu5-o-82nh00aevn.html
Laptop,Cellphones,Laptop HP Pavilion 15-EG2056TU 6K786PA,HP,,"Nguyên hộp, đầy đủ phụ kiện từ nhà sản suất
Bảo hành pin 12 tháng",16.990.000 ₫,https://cellphones.com.vn/laptop-hp-pavilion-15-eg2056tu-6k786pa.html
Laptop,Cellphones,Laptop Asus Zenbook 14 Flip OLED UP5401ZA-KU140W,ASUS,,"Nguyên hộp, đầy đủ phụ kiện từ nhà sản suất
Bảo hành pin 12 tháng",34.490.000 ₫,https://cellphones.com.vn/laptop-asus-zenbook-14-flip-oled-up5401za-ku140w.html
Laptop,Cellphones,Laptop Asus Vivobook Pro 16X Oled M7600RE-L2044W,ASUS,,"Nguyên hộp, đầy đủ phụ kiện từ nhà sản suất
Bảo hành pin 12 tháng",34.490.000 ₫,https://cellphones.com.vn/laptop-asus-vivobook-pro-16x-oled-m7600re-l2044w.html
Laptop,Cellphones,Laptop Gaming Acer Nitro 5 AN515 58 52SP,Acer,,"Nguyên hộp, đầy đủ phụ kiện từ nhà sản suất
Bảo hành pin 12 tháng",25.990.000 ₫,https://cellphones.com.vn/laptop-gaming-acer-nitro-5-an515-58-52sp.html
Laptop,Cellphones,Laptop Dell Vostro 3405 V4R53500U003W,Dell,,"Nguyên hộp, đầy đủ phụ kiện từ nhà sản suất
Bảo hành pin 12 tháng",16.590.000 ₫,https://cellphones.com.vn/laptop-dell-vostro-3405-ryzen-5.html
Laptop,Cellphones,Laptop Lenovo Ideapad 5 Pro 14ARH7 82SJ0028VN,Lenovo,,"Nguyên hộp, đầy đủ phụ kiện từ nhà sản suất
Bảo hành pin 12 tháng",22.490.000 ₫,https://cellphones.com.vn/laptop-lenovo-ideapad-5-pro-14arh7-82sj0028vn.html
Laptop,Cellphones,Laptop ASUS VivoBook S433EA,ASUS,,"Nguyên hộp, đầy đủ phụ kiện từ nhà sản suất
Bảo hành pin 12 tháng",15.990.000 ₫,https://cellphones.com.vn/laptop-asus-vivobook-s14-s433ea.html
Laptop,Cellphones,Laptop MSI Gaming Katana GF66 12UCK-804VN,MSI,,"Mới, đầy đủ phụ kiện từ nhà sản xuất",24.990.000 ₫,https://cellphones.com.vn/laptop-msi-gaming-katana-gf66-12uck-804vn.html
Laptop,Cellphones,Laptop HP Gaming Victus 16-E1107AX 7C140PA,HP,,"Mới, đầy đủ phụ kiện từ nhà sản xuất",20.490.000 ₫,https://cellphones.com.vn/laptop-hp-gaming-victus-16-e1107ax-7c140pa.html
Laptop,Cellphones,Laptop Asus Zenbook 14 Flip OLED UP3404VA-KN039W,ASUS,,"Nguyên hộp, đầy đủ phụ kiện từ nhà sản suất
Bảo hành pin 12 tháng",31.690.000 ₫,https://cellphones.com.vn/laptop-asus-zenbook-14-flip-oled-up3404va-kn039w.html
Laptop,Cellphones,Laptop Lenovo Ideapad Gaming Legion 5 15IAH7H 82RC008LVN,Lenovo,,"Nguyên hộp, đầy đủ phụ kiện từ nhà sản suất
Bảo hành pin 12 tháng",28.800.000 ₫,https://cellphones.com.vn/laptop-lenovo-gaming-legion-5-15iah7h-82rc008lvn.html
Laptop,Cellphones,Laptop Gigabyte U4 UD-50VN823SO,Laptop Văn phòng,,"Mới, đầy đủ phụ kiện từ nhà sản xuất",14.990.000 ₫,https://cellphones.com.vn/laptop-gigabyte-u4-ud-50vn823so.html
Laptop,Cellphones,Laptop Asus Rog Strix G15 G513RC HN038W,ASUS,,"Nguyên hộp, đầy đủ phụ kiện từ nhà sản suất
Bảo hành pin 12 tháng",26.490.000 ₫,https://cellphones.com.vn/laptop-asus-rog-strix-g15-g513rc-hn038w.html
Laptop,Cellphones,Laptop Asus Vivobook M7400QC KM013W,ASUS,,"Nguyên hộp, đầy đủ phụ kiện từ nhà sản suất
Bảo hành pin 12 tháng",24.790.000 ₫,https://cellphones.com.vn/laptop-asus-vivobook-pro-m7400qc-km013w.html
Laptop,Cellphones,Laptop HP 15-EF2127 4J0V2UA,HP,,"Nguyên hộp, đầy đủ phụ kiện từ nhà sản suất
Bảo hành pin 12 tháng",12.490.000 ₫,https://cellphones.com.vn/laptop-hp-15-ef2127-4j0v2ua.html
Laptop,Cellphones,Laptop Asus VivoBook Flip 14 TM420UA-EC181W,ASUS,,"Nguyên hộp, đầy đủ phụ kiện từ nhà sản suất
Bảo hành pin 12 tháng",16.090.000 ₫,https://cellphones.com.vn/laptop-asus-vivobook-flip-14-tm420ua-ec181w.html
Laptop,Cellphones,Laptop Lenovo Yoga Slim 7 14ACN6 82N7008WVN,Lenovo,,"Nguyên hộp, đầy đủ phụ kiện từ nhà sản suất
Bảo hành pin 12 tháng",21.490.000 ₫,https://cellphones.com.vn/laptop-lenovo-yoga-slim-7-14acn6-82n7008wvn.html
Laptop,Cellphones,Laptop ASUS Rog Zephyrus G15 GA503RS-LN892W,Laptop Văn phòng,,"Nguyên hộp, đầy đủ phụ kiện từ nhà sản suất
Bảo hành pin 12 tháng",58.990.000 ₫,https://cellphones.com.vn/laptop-asus-rog-zephyrus-g15-ga503rs-ln892w.html
Laptop,Cellphones,Laptop Asus Vivobook 14X A1403ZA-LY153W,ASUS,,"Nguyên hộp, đầy đủ phụ kiện từ nhà sản suất
Bảo hành pin 12 tháng",13.690.000 ₫,https://cellphones.com.vn/laptop-asus-vivobook-14x-a1403za-ly153w.html
Laptop,Cellphones,Laptop Lenovo ideapad 3 15ITL6 82H800M5VN,Lenovo,,"Nguyên hộp, đầy đủ phụ kiện từ nhà sản suất
Bảo hành pin 12 tháng",11.490.000 ₫,https://cellphones.com.vn/laptop-lenovo-ideapad-3-15itl6-82h800m5vn.html
Laptop,Cellphones,Laptop LG Gram 2021 16Z90P-G.AH75A5 16 inch,LG,,"Nguyên hộp, đầy đủ phụ kiện từ nhà sản suất
Bảo hành pin 12 tháng",40.690.000 ₫,https://cellphones.com.vn/laptop-lg-gram-16-2021.html
Laptop,Cellphones,Laptop Asus Zenbook 14 UX3402ZA-KM220W,ASUS,,"Nguyên hộp, đầy đủ phụ kiện từ nhà sản suất
Bảo hành pin 12 tháng",21.990.000 ₫,https://cellphones.com.vn/laptop-asus-zenbook-14-ux3402za-km220w.html
Laptop,Cellphones,Laptop Lenovo Ideapad 3 15IAU7 82RK001LVN,Lenovo,,"Nguyên hộp, đầy đủ phụ kiện từ nhà sản suất
Bảo hành pin 12 tháng",14.990.000 ₫,https://cellphones.com.vn/laptop-lenovo-ideapad-3-15iau7-82rk001lvn.html
Laptop,Cellphones,Laptop Dell inspirion 3000 I3501 3692BLK,Dell,,"Nguyên hộp, đầy đủ phụ kiện từ nhà sản suất
Bảo hành pin 12 tháng",11.990.000 ₫,https://cellphones.com.vn/laptop-dell-inspiron-3000-i3501-3692blk.html
Laptop,Cellphones,Laptop Asus Rog Strix Scar 15 G533ZS-LN036W,ASUS,,"Nguyên hộp, đầy đủ phụ kiện từ nhà sản suất
Bảo hành pin 12 tháng",67.990.000 ₫,https://cellphones.com.vn/laptop-asus-rog-strix-scar-15-g533zs-ln036w.html
Laptop,Cellphones,Laptop Lenovo Thinkpad P14S G2 T 20VX008GVN,Lenovo,,"Nguyên hộp, đầy đủ phụ kiện từ nhà sản suất
Bảo hành pin 12 tháng",33.490.000 ₫,https://cellphones.com.vn/laptop-lenovo-thinkpad-p14s-g2-t-20vx008gvn.html
Laptop,Cellphones,Laptop Dell Gaming G3 3500 G3500B,Dell,,"Nguyên hộp, đầy đủ phụ kiện từ nhà sản suất
Bảo hành pin 12 tháng",30.230.000 ₫,https://cellphones.com.vn/laptop-dell-gaming-g3-3500-g3500b.html
Laptop,Cellphones,Laptop HP Pavilion Aero 13-BE0229AU 64U91PA,HP,,"Nguyên hộp, đầy đủ phụ kiện từ nhà sản suất
Bảo hành pin 12 tháng",16.990.000 ₫,https://cellphones.com.vn/laptop-hp-pavilion-aero-13-be0229au-64u91pa.html
Laptop,Cellphones,Laptop ASUS ZenBook UP5401ZA-KN005W,ASUS,,"Nguyên hộp, đầy đủ phụ kiện từ nhà sản suất
Bảo hành pin 12 tháng",25.490.000 ₫,https://cellphones.com.vn/laptop-asus-zenbook-up5401za-kn005w.html
Laptop,Cellphones,Laptop Dell Inspiron 3511 26F1K,Dell,,"Nguyên hộp, đầy đủ phụ kiện từ nhà sản suất
Bảo hành pin 12 tháng",11.990.000 ₫,https://cellphones.com.vn/laptop-dell-inspiron-3501-26f1k.html
Laptop,Cellphones,Laptop Huawei Matebook D15,Huawei,,"Nguyên hộp, đầy đủ phụ kiện từ nhà sản suất
Bảo hành pin 12 tháng",12.490.000 ₫,https://cellphones.com.vn/laptop-huawei-matebook-d15-i5-1135g7-8gb-256gb.html
Laptop,Cellphones,Laptop ASUS Zenbook 14 Flip OLED UP5401ZA-KN101W,ASUS,,"Nguyên hộp, đầy đủ phụ kiện từ nhà sản suất
Bảo hành pin 12 tháng",30.990.000 ₫,https://cellphones.com.vn/laptop-asus-zenbook-14-flip-oled-up5401za-kn101w.html
Laptop,Cellphones,Laptop Asus VivoBook X515KA-EJ135W,ASUS,,"Nguyên hộp, đầy đủ phụ kiện từ nhà sản suất
Bảo hành pin 12 tháng",7.490.000 ₫,https://cellphones.com.vn/laptop-asus-vivobook-x515ka-ej135w.html
Laptop,Cellphones,Laptop Asus Vivobook Pro M3500QC L1388W,ASUS,,"Nguyên hộp, đầy đủ phụ kiện từ nhà sản suất
Bảo hành pin 12 tháng",23.790.000 ₫,https://cellphones.com.vn/laptop-asus-vivobook-pro-m3500qc-l1388w.html
Laptop,Cellphones,Laptop HP 15-EF2126WM 4J771UA,HP,,"Nguyên hộp, đầy đủ phụ kiện từ nhà sản suất
Bảo hành pin 12 tháng",12.490.000 ₫,https://cellphones.com.vn/laptop-hp-15-ef2126wm-4j771ua.html
Laptop,Cellphones,LAPTOP DELL INSPIRON 3505 i3505-A542BLK,Dell,,"Nguyên hộp, đầy đủ phụ kiện từ nhà sản suất
Bảo hành pin 12 tháng",12.990.000 ₫,https://cellphones.com.vn/laptop-dell-inspiron-3505-i3505-a542blk.html
Laptop,Cellphones,Laptop Lenovo Ideapad Gaming 315ACH6 82K2008VVN,Lenovo,,"Nguyên hộp, đầy đủ phụ kiện từ nhà sản suất
Bảo hành pin 12 tháng",19.490.000 ₫,https://cellphones.com.vn/laptop-lenovo-ideapad-gaming-3-15ach6-82k2008vvn.html
Laptop,Cellphones,Laptop HP Pavilion X360 14-DW1025NR,HP,,"Mới, đầy đủ phụ kiện từ nhà sản xuất",16.490.000 ₫,https://cellphones.com.vn/laptop-hp-pavilion-x360-14-dw1025nr.html
Laptop,Cellphones,Laptop Dell Inspiron 5415 TX4H61,Dell,,"Nguyên hộp, đầy đủ phụ kiện từ nhà sản suất
Bảo hành pin 12 tháng",19.490.000 ₫,https://cellphones.com.vn/laptop-dell-insprion-5415-tx4h61.html
Laptop,Cellphones,Laptop Lenovo Ideapad Slim 5 14ITL05 82FE016PVN,Lenovo,,"Nguyên hộp, đầy đủ phụ kiện từ nhà sản suất
Bảo hành pin 12 tháng",14.690.000 ₫,https://cellphones.com.vn/laptop-lenovo-ideapad-slim-5-14itl05-82fe016pvn.html
Laptop,Cellphones,Laptop Asus Expertbook B3402FEA-EC0960W,ASUS,,"Nguyên hộp, đầy đủ phụ kiện từ nhà sản suất
Bảo hành pin 12 tháng",16.490.000 ₫,https://cellphones.com.vn/laptop-asus-expertbook-b3402fea-ec0960w.html
Laptop,Cellphones,Laptop Intel NUC M15 BBC510EAUXBC1,Laptop Văn phòng,,Bảo hành 24 tháng tại trung tâm bảo hành Chính hãng. 1 đổi 1 trong 30 ngày nếu có lỗi phần cứng từ nhà sản xuất. (xem chi tiết),19.990.000 ₫,https://cellphones.com.vn/laptop-intel-nuc-m15-bbc510eauxbc1.html
Laptop,Cellphones,Laptop HP Pavilion X360 14-EK0130TU 7C0P5PA,HP,,"Mới, đầy đủ phụ kiện từ nhà sản xuất",15.490.000 ₫,https://cellphones.com.vn/laptop-hp-pavilion-x360-14-ek0130tu-7c0p5pa.html
Laptop,Cellphones,Laptop Asus Vivobook 14 X1402ZA-EK084W,ASUS,,"Mới, đầy đủ phụ kiện từ nhà sản xuất",15.990.000 ₫,https://cellphones.com.vn/laptop-asus-vivobook-14-x1402za-ek084w.html
Laptop,Cellphones,Laptop MSI Modern 14 B5M 203VN,MSI,,"Mới, đầy đủ phụ kiện từ nhà sản xuất",13.190.000 ₫,https://cellphones.com.vn/laptop-msi-modern-14-b5m-203vn.html
Laptop,Cellphones,Laptop Asus Vivobook S 14 Flip TN3402QA-LZ027W,ASUS,,"Nguyên hộp, đầy đủ phụ kiện từ nhà sản suất
Bảo hành pin 12 tháng",20.190.000 ₫,https://cellphones.com.vn/laptop-asus-vivobook-s-14-flip-tn3402qa-lz027w.html
Laptop,Cellphones,Laptop Asus Vivobook Flip TN3402QA-LZ019W,ASUS,,"Nguyên hộp, đầy đủ phụ kiện từ nhà sản suất
Bảo hành pin 12 tháng",16.790.000 ₫,https://cellphones.com.vn/laptop-asus-vivobook-flip-tn3402qa-lz019w.html
Laptop,Cellphones,Laptop Lenovo Yoga Slim 7 14ACN6 82N7008VVN,Lenovo,,"Nguyên hộp, đầy đủ phụ kiện từ nhà sản suất
Bảo hành pin 12 tháng",22.990.000 ₫,https://cellphones.com.vn/laptop-lenovo-yoga-slim-7-14acn6-82n7008vvn.html
Laptop,Cellphones,Laptop HP 15S-FQ5080TU 6K7A0PA,Laptop Văn phòng,,"Nguyên hộp, đầy đủ phụ kiện từ nhà sản suất
Bảo hành pin 12 tháng",15.490.000 ₫,https://cellphones.com.vn/laptop-hp-15s-fq5080tu-6k7a0pa.html
Laptop,Cellphones,Laptop Asus TUF Gaming F15 FX506HM-HN366W,ASUS,,"Nguyên hộp, đầy đủ phụ kiện từ nhà sản suất
Bảo hành pin 12 tháng",23.990.000 ₫,https://cellphones.com.vn/laptop-asus-tuf-gaming-f15-fx506hm-hn366w.html
Laptop,Cellphones,Laptop MSI Katana GF66 12UCK-699VN,MSI,,"Mới, đầy đủ phụ kiện từ nhà sản xuất",21.490.000 ₫,https://cellphones.com.vn/laptop-msi-katana-gf66-2uck-699vn.html
Laptop,Cellphones,Laptop Dell Inspiron 15 3520 70296960,Dell,,"Nguyên hộp, đầy đủ phụ kiện từ nhà sản suất
Bảo hành pin 12 tháng",20.590.000 ₫,https://cellphones.com.vn/laptop-dell-inspiron-15-3520-70296960.html
Laptop,Cellphones,Laptop HP Pavilion 15-EG2055TU 6K785PA,HP,,"Nguyên hộp, đầy đủ phụ kiện từ nhà sản suất
Bảo hành pin 12 tháng",19.290.000 ₫,https://cellphones.com.vn/laptop-hp-pavilion-15-eg2055tu-6k785pa.html
Laptop,Cellphones,Laptop Dell Insprion 3525 N5R75825U106W,Dell,,"Nguyên hộp, đầy đủ phụ kiện từ nhà sản suất
Bảo hành pin 12 tháng",18.990.000 ₫,https://cellphones.com.vn/laptop-dell-insprion-3525-n5r75825u106w.html
Laptop,Cellphones,Laptop HP Pavilion X360 14-EK0059TU 6K7E1PA,HP,,"Nguyên hộp, đầy đủ phụ kiện từ nhà sản suất
Bảo hành pin 12 tháng",14.990.000 ₫,https://cellphones.com.vn/laptop-hp-pavilion-x360-14-ek0059tu-6k7e1pa.html
Laptop,Cellphones,Laptop Lenovo Yoga Slim 7 Pro 14ACH5 82NK003HVN,Lenovo,,"Nguyên hộp, đầy đủ phụ kiện từ nhà sản suất
Bảo hành pin 12 tháng",26.990.000 ₫,https://cellphones.com.vn/laptop-lenovo-yoga-slim-7-pro-14ach5-od-82nk003hvn.html
Laptop,Cellphones,Laptop Lenovo Gaming Legion 5 15ARH7H 82RD004UVN,Lenovo,,"Nguyên hộp, đầy đủ phụ kiện từ nhà sản suất
Bảo hành pin 12 tháng",34.990.000 ₫,https://cellphones.com.vn/laptop-lenovo-gaming-legion-5-15arh7h-82rd004uvn.html
Laptop,Cellphones,Laptop Asus Gaming Rog Strix Scar 15 G533ZM-LN013W,ASUS,,"Nguyên hộp, đầy đủ phụ kiện từ nhà sản suất
Bảo hành pin 12 tháng",41.990.000 ₫,https://cellphones.com.vn/laptop-asus-gaming-rog-strix-scar-15-g533zm-ln013w.html
Laptop,Cellphones,Laptop Dell Vostro 3405 V4R53500u003W1,Dell,,"Nguyên hộp, đầy đủ phụ kiện từ nhà sản suất
Bảo hành pin 12 tháng",11.690.000 ₫,https://cellphones.com.vn/laptop-dell-vostro-3405-v4r53500u003w1.html
Laptop,Cellphones,Laptop Asus Vivobook A415 EB1750W,ASUS,,"Nguyên hộp, đầy đủ phụ kiện từ nhà sản suất
Bảo hành pin 12 tháng",11.590.000 ₫,https://cellphones.com.vn/laptop-asus-vivobook-a415ea-eb1750w.html
Laptop,Cellphones,Laptop Dell Inspiron 15 3505 Y1N1T5,Dell,,"Nguyên hộp, đầy đủ phụ kiện từ nhà sản suất
Bảo hành pin 12 tháng",15.990.000 ₫,https://cellphones.com.vn/laptop-dell-inspiron-15-3505-y1n1t5.html
Laptop,Cellphones,Laptop Asus VivoBook 15 OLED A1505VA-L1114W,ASUS,,"Nguyên hộp, đầy đủ phụ kiện từ nhà sản suất
Bảo hành pin 12 tháng",19.990.000 ₫,https://cellphones.com.vn/laptop-asus-vivobook-15-oled-a1505va-l1114w.html
Laptop,Cellphones,Laptop HP 15-DY2061MS 4W2K1UA,Laptop Văn phòng,,"Nguyên hộp, đầy đủ phụ kiện từ nhà sản suất
Bảo hành pin 12 tháng",14.490.000 ₫,https://cellphones.com.vn/laptop-hp-15-dy2061ms-4w2k1ua.html
Laptop,Cellphones,Laptop HP Envy x360 Convertible 13 AY1056 601Q8PA,HP,,"Nguyên hộp, đầy đủ phụ kiện từ nhà sản suất
Bảo hành pin 12 tháng",25.990.000 ₫,https://cellphones.com.vn/laptop-hp-envy-x360-convertible-13-ay1056au-601q8pa.html
Laptop,Cellphones,Laptop Acer Aspire 3 A315-57G-31YD NX.HZRSV.008,Acer,,"Nguyên hộp, đầy đủ phụ kiện từ nhà sản suất
Bảo hành pin 12 tháng",11.990.000 ₫,https://cellphones.com.vn/laptop-acer-aspire-3-a315-57g-31yd.html
Laptop,Cellphones,Laptop HP Pavilion 15-EG2089TU 7C0R1PA,HP,,"Mới, đầy đủ phụ kiện từ nhà sản xuất",20.190.000 ₫,https://cellphones.com.vn/laptop-hp-pavilion-15-eg2089tu-7c0r1pa.html
Laptop,Cellphones,Laptop Acer Swift 3 SF314-511-55QE NX.ABNSV.003,Acer,,"Nguyên hộp, đầy đủ phụ kiện từ nhà sản suất
Bảo hành pin 12 tháng",20.990.000 ₫,https://cellphones.com.vn/laptop-acer-swift-3-sf314-511-55qe.html
Laptop,Cellphones,Laptop LG Gram 2022 17Z90Q-G.AH78A5,LG,,"Nguyên hộp, đầy đủ phụ kiện từ nhà sản suất
Bảo hành pin 12 tháng",37.990.000 ₫,https://cellphones.com.vn/laptop-lg-gram-2022-17z90q-g-ah78a5.html
Laptop,Cellphones,Laptop Dell Inspiron 3511 5174BLK,Dell,,"Nguyên hộp, đầy đủ phụ kiện từ nhà sản suất
Bảo hành pin 12 tháng",13.590.000 ₫,https://cellphones.com.vn/laptop-dell-inspiron-3511-5174blk.html
Laptop,Cellphones,Laptop Evo Asus Expertbook B9400CEA-KC1013W,Laptop Văn phòng,,Bảo hành 24 tháng tại trung tâm bảo hành Chính hãng. 1 đổi 1 trong 30 ngày nếu có lỗi phần cứng từ nhà sản xuất. (xem chi tiết),26.690.000 ₫,https://cellphones.com.vn/laptop-asus-expertbook-b9400cea-kc1013w.html
Laptop,Cellphones,Laptop Dell Inspiron 3511 5174BLK,Dell,,"Nguyên hộp, đầy đủ phụ kiện từ nhà sản suất
Bảo hành pin 12 tháng",13.590.000 ₫,https://cellphones.com.vn/laptop-dell-inspiron-3511-5174blk.html
Laptop,Cellphones,Laptop MSI Prestige 14 A11SCX-282VN,MSI,,"Mới, đầy đủ phụ kiện từ nhà sản xuất",29.590.000 ₫,https://cellphones.com.vn/laptop-msi-prestige-15-a11scx-282vn.html
Laptop,Cellphones,Laptop HP Pavilion 15-EG2084TU 7C0Q6PA,HP,,"Mới, đầy đủ phụ kiện từ nhà sản xuất",15.990.000 ₫,https://cellphones.com.vn/laptop-hp-pavilion-15-eg2084tu-7c0q6pa.html
Laptop,Cellphones,Laptop Lenovo ThinkBook 15 G3 ACL 21A400CHVN,Lenovo,,"Nguyên hộp, đầy đủ phụ kiện từ nhà sản suất
Bảo hành pin 12 tháng",13.790.000 ₫,https://cellphones.com.vn/laptop-lenovo-thinkbook-15-g3-acl-21a400chvn.html
Laptop,Cellphones,Laptop HP Pavilion X360 14-EK0131TU 7C0P6PA,HP,,"Mới, đầy đủ phụ kiện từ nhà sản xuất",14.990.000 ₫,https://cellphones.com.vn/laptop-hp-pavilion-x360-14-ek0131tu-7c0p6pa.html
Laptop,Cellphones,Laptop MSI GP66 Leopard 11UE-643VN,MSI,,"Mới, đầy đủ phụ kiện từ nhà sản xuất",35.490.000 ₫,https://cellphones.com.vn/laptop-msi-gp66-leopard-11ue-643vn.html
Laptop,Cellphones,Laptop ASUS VivoBook X515EP-EJ268T,ASUS,,"Nguyên hộp, đầy đủ phụ kiện từ nhà sản suất
Bảo hành pin 12 tháng",14.990.000 ₫,https://cellphones.com.vn/laptop-asus-vivobook-x515ep-ej268t.html
Laptop,Cellphones,Laptop Acer Swift X SFX16-51G-516Q NX.AYKSV.002,Acer,,"Nguyên hộp, đầy đủ phụ kiện từ nhà sản suất
Bảo hành pin 12 tháng",26.990.000 ₫,https://cellphones.com.vn/laptop-acer-swift-x-sfx16-51g-516q-nx-ayksv-002.html
Laptop,Cellphones,Laptop Gaming Acer Nitro 5 Tiger AN515-58-769J NH.QFHSV.003,Acer,,"Nguyên hộp, đầy đủ phụ kiện từ nhà sản suất
Bảo hành pin 12 tháng",27.990.000 ₫,https://cellphones.com.vn/laptop-gaming-acer-nitro-5-tiger-an515-58-769j.html
Laptop,Cellphones,Laptop ASUS Zenbook UX425EA,ASUS,,"Nguyên hộp, đầy đủ phụ kiện từ nhà sản suất
Bảo hành pin 12 tháng",20.490.000 ₫,https://cellphones.com.vn/laptop-asus-zenbook-14-ux425ea-ki429t.html
Laptop,Cellphones,Laptop Asus Zenbook UX425EA-KI839W,ASUS,,"Nguyên hộp, đầy đủ phụ kiện từ nhà sản suất
Bảo hành pin 12 tháng",19.190.000 ₫,https://cellphones.com.vn/laptop-asus-zenbook-ux425ea-ki839w.html
Laptop,Cellphones,Laptop ASUS ZenBook Flip UX363EA,ASUS,,"Nguyên hộp, đầy đủ phụ kiện từ nhà sản suất
Bảo hành pin 12 tháng",20.990.000 ₫,https://cellphones.com.vn/laptop-asus-zenbook-flip-ux363ea-hp726w.html
Laptop,Cellphones,Laptop ASUS ZenBook UM3402YA-KM074W,ASUS,,"Nguyên hộp, đầy đủ phụ kiện từ nhà sản suất
Bảo hành pin 12 tháng",21.990.000 ₫,https://cellphones.com.vn/laptop-asus-zenbook-um3402ya-km074w.html
Laptop,Cellphones,Laptop ASUS Gaming TUF FX506HCB-HN139T,ASUS,,"Nguyên hộp, đầy đủ phụ kiện từ nhà sản suất
Bảo hành pin 12 tháng",21.490.000 ₫,https://cellphones.com.vn/laptop-asus-tuf-gaming-fx506hcb-hn139t.html
Laptop,Cellphones,Laptop Dell Vostro 14 3400 YX51W2,Dell,,"Nguyên hộp, đầy đủ phụ kiện từ nhà sản suất
Bảo hành pin 12 tháng",19.890.000 ₫,https://cellphones.com.vn/laptop-dell-vostro-14-3400-yx51w2.html
Laptop,Cellphones,Laptop Dell Insprion 3515 G6GR71,Dell,,"Nguyên hộp, đầy đủ phụ kiện từ nhà sản suất
Bảo hành pin 12 tháng",9.490.000 ₫,https://cellphones.com.vn/laptop-dell-insprion-3515-g6gr71.html
Laptop,Cellphones,Laptop LG Gram 2021 17Z90P-G.AH76A5 17 inch,LG,,"Nguyên hộp, đầy đủ phụ kiện từ nhà sản suất
Bảo hành pin 12 tháng",33.990.000 ₫,https://cellphones.com.vn/laptop-lg-gram-17-2021-ssd-512gb.html
Laptop,Cellphones,Laptop Asus Expertbook B3 Flip B3402FEA-EC1271W,ASUS,,"Mới, đầy đủ phụ kiện từ nhà sản xuất",16.490.000 ₫,https://cellphones.com.vn/laptop-asus-expertbook-b3-flip-b3402fea-ec1271w.html
Laptop,Cellphones,Laptop MSI Gaming GF63 Thin 11UC-444VN,MSI,,"Mới, đầy đủ phụ kiện từ nhà sản xuất",18.990.000 ₫,https://cellphones.com.vn/laptop-msi-gaming-gf63-thin-11uc-444vn.html
Laptop,Cellphones,Laptop LG Gram 2022 14ZD90Q-G.AX52A5,LG,,"Nguyên hộp, đầy đủ phụ kiện từ nhà sản suất
Bảo hành pin 12 tháng",22.990.000 ₫,https://cellphones.com.vn/laptop-lg-gram-2022-14zd90q-g-ax52a5.html
Laptop,Cellphones,Laptop HP Pavilion 15-EG2035TX 6K781PA,HP,,"Nguyên hộp, đầy đủ phụ kiện từ nhà sản suất
Bảo hành pin 12 tháng",17.490.000 ₫,https://cellphones.com.vn/laptop-hp-pavilion-15-eg2035tx-6k781pa.html
Laptop,Cellphones,Laptop HP Pavilion 15-EG2034TX 6K780PA,HP,,"Nguyên hộp, đầy đủ phụ kiện từ nhà sản suất
Bảo hành pin 12 tháng",21.490.000 ₫,https://cellphones.com.vn/laptop-hp-pavilion-15-eg2034tx-6k780pa.html
Laptop,Cellphones,Laptop Lenovo Gaming Legion 5 15ARH7H 82RD003TVN,Lenovo,,"Nguyên hộp, đầy đủ phụ kiện từ nhà sản suất
Bảo hành pin 12 tháng",32.990.000 ₫,https://cellphones.com.vn/laptop-lenovo-gaming-legion-5-15arh7h-82rd003tvn.html
Laptop,Cellphones,Laptop HP Pavilion 15-EG2063TU 6K791PA,HP,,"Nguyên hộp, đầy đủ phụ kiện từ nhà sản suất
Bảo hành pin 12 tháng",13.190.000 ₫,https://cellphones.com.vn/laptop-hp-pavilion-15-eg2063tu-6k791pa.html
Laptop,Cellphones,Laptop HP 245 G8 53Y18PA,HP,,"Nguyên hộp, đầy đủ phụ kiện từ nhà sản suất
Bảo hành pin 12 tháng",10.490.000 ₫,https://cellphones.com.vn/laptop-hp-245-g8-53y18pa.html
Laptop,Cellphones,Laptop HP 15-HP 15 T-DW300 1A3Y3AV,HP,,"Nguyên hộp, đầy đủ phụ kiện từ nhà sản suất
Bảo hành pin 12 tháng",14.990.000 ₫,https://cellphones.com.vn/laptop-hp-15-hp-15-t-dw300-1a3y3av.html
Laptop,Cellphones,Laptop Asus Vivobook Pro N7600ZE-L2010W,ASUS,,"Nguyên hộp, đầy đủ phụ kiện từ nhà sản suất
Bảo hành pin 12 tháng",37.990.000 ₫,https://cellphones.com.vn/laptop-asus-proart-n7600ze-l2010w.html
Laptop,Cellphones,Laptop HP Zbook Firefly 14 G8 1A2F1AV,HP,,"Nguyên hộp, đầy đủ phụ kiện từ nhà sản suất
Bảo hành pin 12 tháng",25.990.000 ₫,https://cellphones.com.vn/laptop-hp-zbook-firefly-14-g8-1a2f1av.html
Laptop,Cellphones,Laptop HP Pavilion 15-EG2058TU 6K788PA,HP,,"Nguyên hộp, đầy đủ phụ kiện từ nhà sản suất
Bảo hành pin 12 tháng",15.490.000 ₫,https://cellphones.com.vn/laptop-hp-pavilion-15-eg2058tu-6k788pa.html
Laptop,Cellphones,Laptop Dell Vostro 3425 V4R55625U206W,Dell,,"Nguyên hộp, đầy đủ phụ kiện từ nhà sản suất
Bảo hành pin 12 tháng",14.990.000 ₫,https://cellphones.com.vn/laptop-dell-vostro-3425-v4r55625u206w.html
Laptop,Cellphones,Laptop ASUS ZenBook UX325EA-KG363T,ASUS,,"Nguyên hộp, đầy đủ phụ kiện từ nhà sản suất
Bảo hành pin 12 tháng",20.490.000 ₫,https://cellphones.com.vn/laptop-asus-zenbook-ux325ea-kg363t.html
Laptop,Cellphones,Laptop HP Envy X360 13-BF0013DX,HP,,"Nguyên hộp, đầy đủ phụ kiện từ nhà sản suất
Bảo hành pin 12 tháng",22.990.000 ₫,https://cellphones.com.vn/laptop-hp-envy-x360-13-bf0013dx.html
Laptop,Cellphones,Laptop HP 14-DQ2055WM 39K15UA - Nhập khẩu chính hãng,Laptop Core i3,,"Nguyên hộp, đầy đủ phụ kiện từ nhà sản suất
Bảo hành pin 12 tháng",11.490.000 ₫,https://cellphones.com.vn/laptop-hp-14-dq2055wm-39k15ua.html
Laptop,Cellphones,Laptop MSI Modern 15 A5M 234VN,MSI,,"Mới, đầy đủ phụ kiện từ nhà sản xuất",12.990.000 ₫,https://cellphones.com.vn/laptop-msi-modern-15-a5m-234vn.html
Laptop,Cellphones,Mac mini M2 2023 (8 CPU - 10 GPU - 24GB - 256GB) | Chính hãng Apple Việt Nam,Mac,,1 ĐỔI 1 trong 30 ngày nếu có lỗi phần cứng nhà sản xuất. Bảo hành 12 tháng tại trung tâm bảo hành chính hãng Apple : Điện Thoại Vui ASP (Apple Authorized Service Provider)(xem chi tiết),26.990.000 ₫,https://cellphones.com.vn/mac-mini-m2-24gb-2023.html
Laptop,Cellphones,Laptop MSI Gaming GF63 Thin 11UC-442VN,MSI,,"Mới, đầy đủ phụ kiện từ nhà sản xuất",20.990.000 ₫,https://cellphones.com.vn/laptop-msi-gaming-gf63-thin-11uc-442vn.html
Laptop,Cellphones,Laptop LG Gram 2021 14ZD90P-G.AX51A5 14 inch,LG,,"Nguyên hộp, đầy đủ phụ kiện từ nhà sản suất
Bảo hành pin 12 tháng",20.990.000 ₫,https://cellphones.com.vn/laptop-lg-gram-2021-i5-ram-8gb-ssd-256gb-free-os.html
Laptop,Cellphones,Laptop LG Gram 2022 16Z90Q-G.AH76A5,LG,,"Nguyên hộp, đầy đủ phụ kiện từ nhà sản suất
Bảo hành pin 12 tháng",36.090.000 ₫,https://cellphones.com.vn/laptop-lg-gram-2022-16z90q-g-ah76a5.html
Laptop,Cellphones,Laptop Asus TUF Gaming F15 FX507ZE-HN093W,ASUS,,"Nguyên hộp, đầy đủ phụ kiện từ nhà sản suất
Bảo hành pin 12 tháng",27.490.000 ₫,https://cellphones.com.vn/laptop-asus-tuf-gaming-f15-fx507ze-hn093w.html
Laptop,Cellphones,Laptop Dell Vostro 3400 70253900,Dell,,"Nguyên hộp, đầy đủ phụ kiện từ nhà sản suất
Bảo hành pin 12 tháng",15.990.000 ₫,https://cellphones.com.vn/laptop-dell-vostro-3400-70253900.html
Laptop,Cellphones,Laptop Asus Expertbook B5302CEA-L50916W,ASUS,,"Nguyên hộp, đầy đủ phụ kiện từ nhà sản suất
Bảo hành pin 12 tháng",18.490.000 ₫,https://cellphones.com.vn/laptop-asus-expertbook-b5302cea-l50916w.html
Laptop,Cellphones,Laptop Gigabyte G5 KD-52VN123SO,Laptop 15.6 inch,,"Mới, đầy đủ phụ kiện từ nhà sản xuất",23.490.000 ₫,https://cellphones.com.vn/laptop-gigabyte-g5-kd-52vn123so.html
Laptop,Cellphones,Laptop Dell Vostro 14 3400 YX51W6,Dell,,"Nguyên hộp, đầy đủ phụ kiện từ nhà sản suất
Bảo hành pin 12 tháng",15.990.000 ₫,https://cellphones.com.vn/laptop-dell-vostro-14-3400-yx51w6.html
Laptop,Cellphones,Laptop LG Gram 2022 16Z90Q-G.AH52A5,LG,,"Nguyên hộp, đầy đủ phụ kiện từ nhà sản suất
Bảo hành pin 12 tháng",33.990.000 ₫,https://cellphones.com.vn/laptop-lg-gram-2022-16z90q-g-ah52a5.html
Laptop,Cellphones,MacBook Pro 14 inch M2 Pro 2023 (12 CPU - 19 GPU - 32GB - 512GB),Mac,,1 ĐỔI 1 trong 30 ngày nếu có lỗi phần cứng nhà sản xuất. Bảo hành 12 tháng tại trung tâm bảo hành chính hãng Apple : Điện Thoại Vui ASP (Apple Authorized Service Provider)(xem chi tiết),61.990.000 ₫,https://cellphones.com.vn/macbook-pro-14-inch-m2-pro-32gb-2023.html
Laptop,Cellphones,Laptop Dell Gaming G15 5511,Dell,,"Nguyên hộp, đầy đủ phụ kiện từ nhà sản suất
Bảo hành pin 12 tháng",21.990.000 ₫,https://cellphones.com.vn/laptop-dell-gaming-g15-5511.html
Laptop,Cellphones,Laptop ASUS Vivobook R565EA-UH31T Nhập Khẩu Chính Hãng,ASUS,,"Nguyên hộp, đầy đủ phụ kiện từ nhà sản suất
Bảo hành pin 12 tháng",8.490.000 ₫,https://cellphones.com.vn/laptop-asus-vivobook-r565ea-uh31t.html
Laptop,Cellphones,Laptop MSI Gaming GF63 Thin 11SC-666VN,MSI,,"Mới, đầy đủ phụ kiện từ nhà sản xuất",17.990.000 ₫,https://cellphones.com.vn/laptop-msi-gaming-gf63-thin-11sc-666vn.html
Laptop,Cellphones,Laptop LG Gram 2022 16ZD90Q-G.AX53A5,LG,,"Nguyên hộp, đầy đủ phụ kiện từ nhà sản suất
Bảo hành pin 12 tháng",29.690.000 ₫,https://cellphones.com.vn/laptop-lg-gram-2022-16zd90q-g-ax53a5.html
Laptop,Cellphones,Laptop HP Pavilion 15-EG0542TU 4P5G9PA,Laptop Core i3,,"Nguyên hộp, đầy đủ phụ kiện từ nhà sản suất
Bảo hành pin 12 tháng",14.790.000 ₫,https://cellphones.com.vn/laptop-hp-pavilion-15-eg0542tu-4p5g9pa.html
Laptop,Cellphones,Laptop ASUS TUF Gaming A15 FA507RM-HN018W,ASUS,,"Nguyên hộp, đầy đủ phụ kiện từ nhà sản suất
Bảo hành pin 12 tháng",28.990.000 ₫,https://cellphones.com.vn/laptop-asus-tuf-gaming-a15-fa507rm-hn018w.html
Laptop,Cellphones,Laptop Asus Expertbook P2451FA-BV3113,ASUS,,"Nguyên hộp, đầy đủ phụ kiện từ nhà sản suất
Bảo hành pin 12 tháng",14.490.000 ₫,https://cellphones.com.vn/laptop-asus-expertbook-p2451fa-bv3113.html
Laptop,Cellphones,Laptop HP Pavilion 15-EG2038TX 6K784PA,HP,,"Nguyên hộp, đầy đủ phụ kiện từ nhà sản suất
Bảo hành pin 12 tháng",16.590.000 ₫,https://cellphones.com.vn/laptop-hp-pavilion-15-eg2038tx-6k784pa.html
Laptop,Cellphones,MacBook Pro 14 inch M2 Pro 2023 (12 CPU - 19 GPU 32GB 1TB 2023),Mac,,1 ĐỔI 1 trong 30 ngày nếu có lỗi phần cứng nhà sản xuất. Bảo hành 12 tháng tại trung tâm bảo hành chính hãng Apple : Điện Thoại Vui ASP (Apple Authorized Service Provider)(xem chi tiết),71.990.000 ₫,https://cellphones.com.vn/macbook-pro-14-inch-m2-pro-32gb-1tb-2023.html
Laptop,Cellphones,Laptop Asus TUF Gaming A15 FA507RC-HN051W,ASUS,,"Nguyên hộp, đầy đủ phụ kiện từ nhà sản suất
Bảo hành pin 12 tháng",22.990.000 ₫,https://cellphones.com.vn/laptop-asus-tuf-gaming-a15-fa507rc-hn051w.html
Laptop,Cellphones,Laptop ASUS Gaming ROG Strix G15 G513RW-HQ223W,ASUS,,"Nguyên hộp, đầy đủ phụ kiện từ nhà sản suất
Bảo hành pin 12 tháng",45.990.000 ₫,https://cellphones.com.vn/laptop-asus-gaming-rog-strix-g15-g513rw-hq223w.html
Laptop,Cellphones,Laptop Dell Inspiron 15 3505 Y1N1T3,Dell,,"Nguyên hộp, đầy đủ phụ kiện từ nhà sản suất
Bảo hành pin 12 tháng",15.190.000 ₫,https://cellphones.com.vn/laptop-dell-inspiron-15-3505-y1n1t3.html
Laptop,Cellphones,Laptop LG Gram 2022 16Z90Q-G.AH78A5,LG,,"Nguyên hộp, đầy đủ phụ kiện từ nhà sản suất
Bảo hành pin 12 tháng",38.490.000 ₫,https://cellphones.com.vn/laptop-lg-gram-2022-16z90q-g-ah78a5.html
Laptop,Cellphones,Laptop Dell Vostro 5301 C4VV91,Dell,,"Nguyên hộp, đầy đủ phụ kiện từ nhà sản suất
Bảo hành pin 12 tháng",18.890.000 ₫,https://cellphones.com.vn/laptop-dell-vostro-5301-i5-ssd-256gb.html
Laptop,Cellphones,Laptop Asus TUF Gaming F15 FX507ZU4-LP520W,ASUS,,"Nguyên hộp, đầy đủ phụ kiện từ nhà sản suất
Bảo hành pin 12 tháng",32.490.000 ₫,https://cellphones.com.vn/laptop-asus-tuf-gaming-f15-fx507zu4-lp520w.html
Laptop,Cellphones,Laptop DELL Vostro 5320 P156G001AGR,Dell,,"Nguyên hộp, đầy đủ phụ kiện từ nhà sản suất
Bảo hành pin 12 tháng",21.990.000 ₫,https://cellphones.com.vn/laptop-dell-vostro-5320-p156g001agr.html
Laptop,Cellphones,Laptop Lenovo IdeaPad 3 14ABA7 82RM003WVN,Lenovo,,"Nguyên hộp, đầy đủ phụ kiện từ nhà sản suất
Bảo hành pin 12 tháng",12.590.000 ₫,https://cellphones.com.vn/laptop-lenovo-ideapad-3-14aba7-2rm003wvn.html
Laptop,Cellphones,Laptop HP 240 G8 518V5PA,Laptop core i5,,"Nguyên hộp, đầy đủ phụ kiện từ nhà sản suất
Bảo hành pin 12 tháng",14.990.000 ₫,https://cellphones.com.vn/laptop-hp-250-g8-518v5pa.html
Laptop,Cellphones,Laptop HP Pavilion 15-EG2086TU 7C0Q8PA,HP,,"Mới, đầy đủ phụ kiện từ nhà sản xuất",13.190.000 ₫,https://cellphones.com.vn/laptop-hp-pavilion-15-eg2086tu-7c0q8pa.html
Laptop,Cellphones,Laptop LG Gram 2022 17ZD90Q-G.AX51A5,LG,,"Nguyên hộp, đầy đủ phụ kiện từ nhà sản suất
Bảo hành pin 12 tháng",29.390.000 ₫,https://cellphones.com.vn/laptop-lg-gram-2022-17zd90q-g-ax51a5.html
Laptop,Cellphones,Laptop ASUS ExpertBook B9400CEA-KC0773T,ASUS,,"Nguyên hộp, đầy đủ phụ kiện từ nhà sản suất
Bảo hành pin 12 tháng",26.990.000 ₫,https://cellphones.com.vn/laptop-asus-expertbook-b9400cea-kc0773t.html
Laptop,Cellphones,Laptop Asus Expertbook B5 B5602CBA-L20197W,ASUS,,"Nguyên hộp, đầy đủ phụ kiện từ nhà sản suất
Bảo hành pin 12 tháng",37.990.000 ₫,https://cellphones.com.vn/laptop-asus-expertbook-b5-b5602cba-l20197w.html
Laptop,Cellphones,Laptop HP Pavilion 15-EG2057TU 6K787PA,HP,,"Nguyên hộp, đầy đủ phụ kiện từ nhà sản suất
Bảo hành pin 12 tháng",16.890.000 ₫,https://cellphones.com.vn/laptop-hp-pavilion-15-eg2057tu-6k787pa.html
Laptop,Cellphones,Laptop Huawei Matebook D14,Huawei,,"Nguyên hộp, đầy đủ phụ kiện từ nhà sản suất
Bảo hành pin 12 tháng",15.990.000 ₫,https://cellphones.com.vn/laptop-huawei-matebook-d14-ram-8gb-ssd-256gb.html
Laptop,Cellphones,Laptop HP 240 G8 1H7F8AV,Laptop Core i3,,"Nguyên hộp, đầy đủ phụ kiện từ nhà sản suất
Bảo hành pin 12 tháng",11.790.000 ₫,https://cellphones.com.vn/laptop-hp-240-g8-1h7f8av.html
Laptop,Cellphones,Laptop Lenovo Ideapad 1 11IGL05,Lenovo,,"Nguyên hộp, đầy đủ phụ kiện từ nhà sản suất
Bảo hành pin 12 tháng",5.990.000 ₫,https://cellphones.com.vn/laptop-lenovo-ideapad-1-11igl05-81vt006fvn.html
Laptop,Cellphones,Laptop Dell Inspiron 16 5620 N6I7110W1,Dell,,"Nguyên hộp, đầy đủ phụ kiện từ nhà sản suất
Bảo hành pin 12 tháng",22.490.000 ₫,https://cellphones.com.vn/laptop-dell-inspiron-16-5620-n6i7110w1.html
Laptop,Cellphones,Laptop Dell Vostro 3400 C734G,Dell,,"Nguyên hộp, đầy đủ phụ kiện từ nhà sản suất
Bảo hành pin 12 tháng",15.490.000 ₫,https://cellphones.com.vn/laptop-dell-vostro-3400-c734g.html
Laptop,Cellphones,Laptop Dell Inspiron 16 5620 N6I7009W1,Dell,,"Mới, đầy đủ phụ kiện từ nhà sản xuất",25.990.000 ₫,https://cellphones.com.vn/laptop-dell-inspiron-16-5620-n6i7009w1.html
Laptop,Cellphones,Laptop HP Pavilion X360 14-EK0135TU 7C0W5PA,HP,,"Mới, đầy đủ phụ kiện từ nhà sản xuất",19.790.000 ₫,https://cellphones.com.vn/laptop-hp-pavilion-x360-14-ek0135tu-7c0w5pa.html
Laptop,Cellphones,Laptop MSI Gaming Pulse GL66 11UDK-255VN,MSI,,"Mới, đầy đủ phụ kiện từ nhà sản xuất",30.990.000 ₫,https://cellphones.com.vn/laptop-msi-pulse-gl66-11udk-255vn.html
Laptop,Cellphones,Laptop HP Pavilion 15-EG2064TX 7C0W8PA,HP,,"Mới, đầy đủ phụ kiện từ nhà sản xuất",17.490.000 ₫,https://cellphones.com.vn/laptop-hp-pavilion-15-eg2064tx-7c0w8pa.html
Laptop,Cellphones,Laptop Asus Expertbook B1400CEAE-EB3182W,ASUS,,"Nguyên hộp, đầy đủ phụ kiện từ nhà sản suất
Bảo hành pin 12 tháng",16.990.000 ₫,https://cellphones.com.vn/laptop-asus-expertbook-b1400ceae-eb3182w.html
Laptop,Cellphones,Laptop Lenovo Ideapad 15IAU7 82RK001QVN,Lenovo,,"Nguyên hộp, đầy đủ phụ kiện từ nhà sản suất
Bảo hành pin 12 tháng",14.990.000 ₫,https://cellphones.com.vn/laptop-lenovo-ideapad-15iau7-82rk001qvn.html
Laptop,Cellphones,Laptop Asus ROG Strix G16 G614JU-N3777W,ASUS,,"Nguyên hộp, đầy đủ phụ kiện từ nhà sản suất
Bảo hành pin 12 tháng",40.990.000 ₫,https://cellphones.com.vn/laptop-asus-rog-strix-g16-g614ju-n3777w.html
Laptop,Cellphones,Laptop LG Gram 2021 14Z90P-G.AH75A5 14 inch,LG,,"Nguyên hộp, đầy đủ phụ kiện từ nhà sản suất
Bảo hành pin 12 tháng",28.990.000 ₫,https://cellphones.com.vn/laptop-lg-gram-2021.html
Laptop,Cellphones,Laptop LG Gram 2022 14Z90Q-G.AJ32A5,LG,,"Nguyên hộp, đầy đủ phụ kiện từ nhà sản suất
Bảo hành pin 12 tháng",20.990.000 ₫,https://cellphones.com.vn/laptop-lg-gram-2022-14z90q-g-aj32a5.html
Laptop,Cellphones,Laptop Dell Vostro 5620 V6I5001W1,Dell,,"Mới, đầy đủ phụ kiện từ nhà sản xuất",19.490.000 ₫,https://cellphones.com.vn/laptop-dell-vostro-5620-v6i5001w1.html
Laptop,Cellphones,Laptop MSI Modern 15 A11M,MSI,,"Mới, đầy đủ phụ kiện từ nhà sản xuất",17.490.000 ₫,https://cellphones.com.vn/laptop-msi-modern-15-a11m-678vn.html
Laptop,Cellphones,Laptop Dell Inspirion 15 3000 L3511 7125BLK,Dell,,"Nguyên hộp, đầy đủ phụ kiện từ nhà sản suất
Bảo hành pin 12 tháng",21.490.000 ₫,https://cellphones.com.vn/laptop-dell-inspiron-15-3000-i3511-7125blk.html
Laptop,Cellphones,Laptop ASUS Vivobook S533EA,ASUS,,"Nguyên hộp, đầy đủ phụ kiện từ nhà sản suất
Bảo hành pin 12 tháng",15.490.000 ₫,https://cellphones.com.vn/laptop-asus-vivobook-s15-s533ea-bn293t.html
Laptop,Cellphones,Laptop ASUS VivoBook M513UA-L1221T,ASUS,,"Nguyên hộp, đầy đủ phụ kiện từ nhà sản suất
Bảo hành pin 12 tháng",18.090.000 ₫,https://cellphones.com.vn/laptop-asus-vivobook-m513ua-l1221t.html
Laptop,Cellphones,Laptop HP 15 Z-EF2000 2J4V7AV Nhập khẩu chính hãng,HP,,"Mới, đầy đủ phụ kiện từ nhà sản xuất",11.990.000 ₫,https://cellphones.com.vn/laptop-hp-15-z-ef2000-2j4v7av.html
Laptop,Cellphones,Laptop LG Gram 2021 16Z90P-G.AH73A5 16 inch,LG,,"Nguyên hộp, đầy đủ phụ kiện từ nhà sản suất
Bảo hành pin 12 tháng",38.590.000 ₫,https://cellphones.com.vn/laptop-lg-gram-16-2021-ssd-256gb.html
Laptop,Cellphones,Laptop Lenovo Yoga Slim 7 Carbon 14ACN6 82L0005AVN,Lenovo,,"Nguyên hộp, đầy đủ phụ kiện từ nhà sản suất
Bảo hành pin 12 tháng",28.490.000 ₫,https://cellphones.com.vn/laptop-lenovo-yoga-slim-7-carbon-14acn6-82l0005avn.html
Laptop,Cellphones,Laptop Asus Expertbook B9400CEA KC1258W,ASUS,,"Nguyên hộp, đầy đủ phụ kiện từ nhà sản suất
Bảo hành pin 12 tháng",32.990.000 ₫,https://cellphones.com.vn/laptop-asus-expertbook-b9400cea-kc1258w.html
Laptop,Cellphones,Laptop Asus ROG Strix G16 G614JU-N3135W,ASUS,,"Nguyên hộp, đầy đủ phụ kiện từ nhà sản suất
Bảo hành pin 12 tháng",36.990.000 ₫,https://cellphones.com.vn/laptop-asus-rog-strix-g16-g614ju-n3135w.html
Laptop,Cellphones,Laptop LG Gram 2022 16Z90Q-G.AH54A5,LG,,"Nguyên hộp, đầy đủ phụ kiện từ nhà sản suất
Bảo hành pin 12 tháng",32.990.000 ₫,https://cellphones.com.vn/laptop-lg-gram-2022-16z90q-g-ah54a5.html
Laptop,Cellphones,Laptop Asus TUF Gaming A15 FA507NV-LP046W,ASUS,,"Nguyên hộp, đầy đủ phụ kiện từ nhà sản suất
Bảo hành pin 12 tháng",33.490.000 ₫,https://cellphones.com.vn/laptop-asus-tuf-gaming-a15-fa507nv-lp046w.html
Laptop,Cellphones,Laptop HP DQ2031TG,Laptop Core i3,,"Nguyên hộp, đầy đủ phụ kiện từ nhà sản suất
Bảo hành pin 12 tháng",8.490.000 ₫,https://cellphones.com.vn/laptop-hp-14-dq2031tg.html
Laptop,Cellphones,Laptop Lenovo Ideapad 3 15ALC6,Lenovo,,"Nguyên hộp, đầy đủ phụ kiện từ nhà sản suất
Bảo hành pin 12 tháng",12.990.000 ₫,https://cellphones.com.vn/laptop-lenovo-ideapad-3-15alc6-82ku003nus.html
Laptop,Cellphones,Laptop Asus TUF Gaming F15 FX507VV4-LP382W,ASUS,,"Nguyên hộp, đầy đủ phụ kiện từ nhà sản suất
Bảo hành pin 12 tháng",40.490.000 ₫,https://cellphones.com.vn/laptop-asus-tuf-gaming-f15-fx507vv4-lp382w.html
Laptop,Cellphones,Laptop Lenovo L340-15IRH 81LK01GKVN,Lenovo,,"Mới, đầy đủ phụ kiện từ nhà sản xuất",15.490.000 ₫,https://cellphones.com.vn/laptop-lenovo-l340-15irh-81lk01gkvn-i5-9300hf-ram-8gb-ssd-256gb-15-6fhd-inch-vga-3gb.html
Laptop,Cellphones,Laptop MSI Modern 14 B10MW,MSI,,"Nguyên hộp, đầy đủ phụ kiện từ nhà sản xuất",13.830.000 ₫,https://cellphones.com.vn/laptop-msi-modern-14-b10mw-605vn.html
Laptop,Cellphones,Laptop Asus Gaming TUF FX506LH HN188W,ASUS,,"Nguyên hộp, đầy đủ phụ kiện từ nhà sản suất
Bảo hành pin 12 tháng",16.890.000 ₫,https://cellphones.com.vn/laptop-asus-gaming-tuf-fx506lh-hn188w.html
Laptop,Cellphones,Macbook Pro 16 inch 2021 M1 Max 10 CPU - 32 GPU 64GB 8TB 2021 | Chính hãng Apple Việt Nam,Mac,,"Máy mới 100%, đầy đủ phụ kiện từ nhà sản xuất. Sản phẩm có mã SA/A (được Apple Việt Nam phân phối chính thức).",179.990.000 ₫,https://cellphones.com.vn/macbook-pro-16-inch-2021-m1-max-32gpu-64gb-8tb.html
Laptop,Cellphones,Laptop Asus ROG Strix G18 G814JI-N6063W,ASUS,,"Nguyên hộp, đầy đủ phụ kiện từ nhà sản suất
Bảo hành pin 12 tháng",65.990.000 ₫,https://cellphones.com.vn/laptop-asus-rog-strix-g18-g814ji-n6063w.html
Laptop,Cellphones,Laptop Asus Vivobook x415EA EB640,ASUS,,"Nguyên hộp, đầy đủ phụ kiện từ nhà sản suất
Bảo hành pin 12 tháng",12.990.000 ₫,https://cellphones.com.vn/laptop-asus-vivobook-x415ea-eb640w.html
Laptop,Cellphones,Laptop ASUS TUF Gaming FA506IV-HN202T,ASUS,,"Nguyên hộp, đầy đủ phụ kiện từ nhà sản suất
Bảo hành pin 12 tháng",28.490.000 ₫,https://cellphones.com.vn/laptop-asus-tuf-gaming-a15-fa506iv.html
Laptop,Cellphones,Laptop Asus Zenbook UX425EA-KI883W,ASUS,,"Nguyên hộp, đầy đủ phụ kiện từ nhà sản suất
Bảo hành pin 12 tháng",19.390.000 ₫,https://cellphones.com.vn/laptop-asus-zenbook-ux425ea-ki883w.html
Laptop,Cellphones,Laptop Acer Nitro 5 AN515-44-R9JM NH.Q9MSV.003,Acer,,"Nguyên hộp, đầy đủ phụ kiện từ nhà sản suất
Bảo hành pin 12 tháng",18.490.000 ₫,https://cellphones.com.vn/laptop-gaming-acer-nitro-5-an515-ryzen-5.html
Laptop,Cellphones,Laptop Asus ROG Strix SCAR 17 SE G733CX-LL6789W,ASUS,,"Nguyên hộp, đầy đủ phụ kiện từ nhà sản suất
Bảo hành pin 12 tháng",102.000.000 ₫,https://cellphones.com.vn/laptop-asus-rog-strix-scar-17-se-g733cx-ll6789w.html
Laptop,Cellphones,Laptop Lenovo Yoga Slim 7 14ITL05,Lenovo,,"Nguyên hộp, đầy đủ phụ kiện từ nhà sản suất
Bảo hành pin 12 tháng",20.990.000 ₫,https://cellphones.com.vn/laptop-lenovo-yoga-slim-7-i7.html
Laptop,Cellphones,Laptop Dell Vostro 3400 70270645,Dell,,"Nguyên hộp, đầy đủ phụ kiện từ nhà sản suất
Bảo hành pin 12 tháng",16.490.000 ₫,https://cellphones.com.vn/laptop-dell-vostro-3400-70270645.html
Laptop,Cellphones,Laptop MSI Prestige 14 EVO A11M-206VN,MSI,,"Mới, đầy đủ phụ kiện từ nhà sản xuất",19.990.000 ₫,https://cellphones.com.vn/laptop-msi-prestige-14-evo-206vn.html
Laptop,Cellphones,Laptop HP 240 G8 518V6PA,Laptop core i5,,"Nguyên hộp, đầy đủ phụ kiện từ nhà sản suất
Bảo hành pin 12 tháng",14.990.000 ₫,https://cellphones.com.vn/laptop-hp-240-g8-518v6pa.html
Laptop,Cellphones,Macbook Pro 16 inch 2021 10 CPU - 16 GPU 32GB 512GB 2021 | Chính hãng Apple Việt Nam,Mac,,"Máy mới 100%, đầy đủ phụ kiện từ nhà sản xuất. Sản phẩm có mã SA/A (được Apple Việt Nam phân phối chính thức).",68.990.000 ₫,https://cellphones.com.vn/macbook-pro-16-inch-2021-32gb.html
Laptop,Cellphones,Laptop MSI Modern 15 B7M-098VN,MSI,,"Nguyên hộp, đầy đủ phụ kiện từ nhà sản suất
Bảo hành pin 12 tháng",15.990.000 ₫,https://cellphones.com.vn/laptop-msi-modern-15-b7m-098vn.html
Laptop,Cellphones,Laptop HP 14-CF2033WM 3V7G4UA,Laptop Sinh viên,,"Nguyên hộp, đầy đủ phụ kiện từ nhà sản suất
Bảo hành pin 12 tháng",6.490.000 ₫,https://cellphones.com.vn/laptop-hp-14-cf2033wm-3v7g4ua-pent.html
Laptop,Cellphones,Laptop Asus ROG Strix G16 G614JI-N4084W,ASUS,,"Nguyên hộp, đầy đủ phụ kiện từ nhà sản suất
Bảo hành pin 12 tháng",56.990.000 ₫,https://cellphones.com.vn/laptop-asus-rog-strix-g16-g614ji-n4084w.html
Laptop,Cellphones,Laptop MSI Gaming GF63 THIN 10SC-020VN,MSI,,"Mới, đầy đủ phụ kiện từ nhà sản xuất",20.990.000 ₫,https://cellphones.com.vn/laptop-msi-gaming-gf63-thin-10sc-020vn.html
Laptop,Cellphones,Laptop ASUS ROG Strix G15 G513IC-HN002T,ASUS,,"Nguyên hộp, đầy đủ phụ kiện từ nhà sản suất
Bảo hành pin 12 tháng",25.990.000 ₫,https://cellphones.com.vn/laptop-asus-rog-strix-g15-g513ic-hn002t.html
Laptop,Cellphones,Laptop Dell Vostro 55410 V4I5214W,Dell,,"Nguyên hộp, đầy đủ phụ kiện từ nhà sản suất
Bảo hành pin 12 tháng",19.990.000 ₫,https://cellphones.com.vn/laptop-dell-vostro-55410-v4i5214w.html
Laptop,Cellphones,Laptop MSI Katana GF66 11UC-641VN,MSI,,"Nguyên hộp, đầy đủ phụ kiện từ nhà sản xuất",25.290.000 ₫,https://cellphones.com.vn/laptop-msi-katana-gf66-11uc-641vn.html
Laptop,Cellphones,Laptop Asus TUF Gaming A15 FA507NU-LP034W,ASUS,,"Nguyên hộp, đầy đủ phụ kiện từ nhà sản suất
Bảo hành pin 12 tháng",29.490.000 ₫,https://cellphones.com.vn/laptop-asus-tuf-gaming-a15-fa507nu-lp034w.html
Laptop,Cellphones,Laptop Lenovo Yoga Slim 7 Pro 14IHU5 O 82NH00AFVN,Lenovo,,"Nguyên hộp, đầy đủ phụ kiện từ nhà sản suất
Bảo hành pin 12 tháng",21.990.000 ₫,https://cellphones.com.vn/laptop-lenovo-yoga-slim-7-pro-14ihu5-o-82nh00afvn.html
Laptop,Cellphones,Laptop MSI Modern 15 B13M-297VN,MSI,,"Nguyên hộp, đầy đủ phụ kiện từ nhà sản suất
Bảo hành pin 12 tháng",21.990.000 ₫,https://cellphones.com.vn/laptop-msi-modern-15-b13m-297vn.html
Laptop,Cellphones,Laptop Asus Gaming ROG Zephyrus G16 GU603VU-N3898W,ASUS,,"Nguyên hộp, đầy đủ phụ kiện từ nhà sản suất
Bảo hành pin 12 tháng",41.990.000 ₫,https://cellphones.com.vn/laptop-asus-gaming-rog-zephyrus-g16-gu603vu-n3898w.html
Laptop,Cellphones,Laptop Acer Travelmate TMB311-31-P49D N20H1_NX.VNFSV.005,Laptop 12 inch,,"Nguyên hộp, đầy đủ phụ kiện từ nhà sản suất
Bảo hành pin 12 tháng",4.690.000 ₫,https://cellphones.com.vn/laptop-acer-travelmate-tmb311-31-p49d.html
Laptop,Cellphones,Laptop Asus TUF GAMING F15 FX506HF-HN014W,ASUS,,"Nguyên hộp, đầy đủ phụ kiện từ nhà sản suất
Bảo hành pin 12 tháng",19.990.000 ₫,https://cellphones.com.vn/laptop-asus-tuf-gaming-f15-fx506hf-hn014w.html
Laptop,Cellphones,Laptop Dell Vostro 3510 V5I3305W,Dell,,"Nguyên hộp, đầy đủ phụ kiện từ nhà sản suất
Bảo hành pin 12 tháng",16.990.000 ₫,https://cellphones.com.vn/laptop-dell-vostro-3510-v5i3305w.html
Laptop,Cellphones,Laptop ASUS Gaming ROG Zephyrus G14 GA401QM-K2041T,ASUS,,"Nguyên hộp, đầy đủ phụ kiện từ nhà sản suất
Bảo hành pin 12 tháng",49.900.000 ₫,https://cellphones.com.vn/laptop-asus-gaming-rog-zephyrus-g14-ga401qm-k2041t-tui.html
Laptop,Cellphones,Macbook Pro 16 inch 2021 M1 Max 10 CPU - 32 GPU 64GB 2TB 2021 | Chính hãng Apple Việt Nam,Mac,,"Máy mới 100%, đầy đủ phụ kiện từ nhà sản xuất. Sản phẩm có mã SA/A (được Apple Việt Nam phân phối chính thức).",119.990.000 ₫,https://cellphones.com.vn/macbook-pro-16-inch-2021-m1-max-32gpu-64gb-2tb.html
Laptop,Cellphones,Laptop ASUS S533EQ BN338T,ASUS,,"Nguyên hộp, đầy đủ phụ kiện từ nhà sản suất
Bảo hành pin 12 tháng",17.990.000 ₫,https://cellphones.com.vn/laptop-asus-vivobook-s533eq-bn338t.html
Laptop,Cellphones,Laptop LG Gram 2022 17Z90Q-G.AH76A5,LG,,"Nguyên hộp, đầy đủ phụ kiện từ nhà sản suất
Bảo hành pin 12 tháng",48.990.000 ₫,https://cellphones.com.vn/laptop-lg-gram-2022-17z90q-g-ah76a5.html
Laptop,Cellphones,Laptop MSI Modern 14 C13M-609VN,MSI,,"Nguyên hộp, đầy đủ phụ kiện từ nhà sản suất
Bảo hành pin 12 tháng",17.990.000 ₫,https://cellphones.com.vn/laptop-msi-modern-14-c13m-609vn.html
Laptop,Cellphones,Laptop LG Gram 2022 17ZD90Q-G.AX73A5,LG,,"Nguyên hộp, đầy đủ phụ kiện từ nhà sản suất
Bảo hành pin 12 tháng",42.990.000 ₫,https://cellphones.com.vn/laptop-lg-gram-2022-17zd90q-g-ax73a5.html
Laptop,Cellphones,Macbook Pro 16 inch 2021 M1 Max 10 CPU - 32 GPU 64GB 4TB 2021 | Chính hãng Apple Việt Nam,Mac,,"Máy mới 100%, đầy đủ phụ kiện từ nhà sản xuất. Sản phẩm có mã SA/A (được Apple Việt Nam phân phối chính thức).",135.990.000 ₫,https://cellphones.com.vn/macbook-pro-16-inch-2021-m1-max-32gpu-64gb-4tb.html
Laptop,Cellphones,Laptop HP Evy 13 BA1047 290F5UA Nhập Khẩu chính hãng,HP,,"Nguyên hộp, đầy đủ phụ kiện từ nhà sản suất
Bảo hành pin 12 tháng",17.490.000 ₫,https://cellphones.com.vn/laptop-hp-envy-13-ba1047-290f5ua.html
Laptop,Cellphones,Laptop Acer Aspire 3 A315-42-R4XD NX.HF9SV.008,Acer,,"Nguyên hộp, đầy đủ phụ kiện từ nhà sản suất
Bảo hành pin 12 tháng",18.990.000 ₫,https://cellphones.com.vn/laptop-acer-aspire-3-a315-42-r4xd.html
Laptop,Cellphones,Laptop HP 240 G8 518V8PA,Laptop core i5,,"Nguyên hộp, đầy đủ phụ kiện từ nhà sản suất
Bảo hành pin 12 tháng",18.990.000 ₫,https://cellphones.com.vn/laptop-hp-240-g8-518v8pa.html
Laptop,Cellphones,Laptop LG Gram 2022 17Z90Q-G.AH74A5,LG,,"Nguyên hộp, đầy đủ phụ kiện từ nhà sản suất
Bảo hành pin 12 tháng",47.990.000 ₫,https://cellphones.com.vn/laptop-lg-gram-2022-17z90q-g-ah74a5.html
Laptop,Cellphones,Laptop LG Gram 2022 16ZD90Q-G.AX72A5,LG,,"Nguyên hộp, đầy đủ phụ kiện từ nhà sản suất
Bảo hành pin 12 tháng",40.990.000 ₫,https://cellphones.com.vn/laptop-lg-gram-2022-16zd90q-g-ax72a5.html
Laptop,Cellphones,Macbook Pro 16 inch 2021 M1 Pro 10 CPU - 16 GPU 32GB 1TB 2021 | Chính hãng Apple Việt Nam,Mac,,"Máy mới 100%, đầy đủ phụ kiện từ nhà sản xuất. Sản phẩm có mã SA/A (được Apple Việt Nam phân phối chính thức).",82.990.000 ₫,https://cellphones.com.vn/macbook-pro-16-inch-2021-32gb-1tb.html
Laptop,Cellphones,Laptop MSI Modern 14 C13M-458VN,MSI,,"Nguyên hộp, đầy đủ phụ kiện từ nhà sản suất
Bảo hành pin 12 tháng",17.990.000 ₫,https://cellphones.com.vn/laptop-msi-modern-14-c13m-458vn.html
Laptop,Cellphones,Laptop MSI Modern 14 C7M-083VN,MSI,,"Nguyên hộp, đầy đủ phụ kiện từ nhà sản suất
Bảo hành pin 12 tháng",13.490.000 ₫,https://cellphones.com.vn/laptop-msi-modern-14-c7m-083vn.html
Laptop,Cellphones,Laptop MSI Modern 15 B7M-099VN,MSI,,"Nguyên hộp, đầy đủ phụ kiện từ nhà sản suất
Bảo hành pin 12 tháng",13.990.000 ₫,https://cellphones.com.vn/laptop-msi-modern-15-b7m-099vn.html
Laptop,Cellphones,Laptop LG Gram 2022 14Z90Q-G.AJ53A5,LG,,"Nguyên hộp, đầy đủ phụ kiện từ nhà sản suất
Bảo hành pin 12 tháng",31.290.000 ₫,https://cellphones.com.vn/laptop-lg-gram-2022-14z90q-g-aj53a5.html
Laptop,Cellphones,Macbook Pro 16 inch 2021 M1 Max 32GPU 64GB 1TB | Chính hãng Apple Việt Nam,Mac,,"Máy mới 100%, đầy đủ phụ kiện từ nhà sản xuất. Sản phẩm có mã SA/A (được Apple Việt Nam phân phối chính thức).",109.990.000 ₫,https://cellphones.com.vn/macbook-pro-16-inch-2021-m1-max-32gpu-64gb-1tb.html
Laptop,Cellphones,Macbook Pro 16 inch 2021 M1 Max 10 CPU - 24 GPU 64GB 1TB 2021 | Chính hãng Apple Việt Nam,Mac,,"Máy mới 100%, đầy đủ phụ kiện từ nhà sản xuất. Sản phẩm có mã SA/A (được Apple Việt Nam phân phối chính thức).",101.990.000 ₫,https://cellphones.com.vn/macbook-pro-16-inch-2021-m1-max-24gpu-64gb-1tb.html
Laptop,Cellphones,Laptop LG Gram 2022 17ZD90Q-G.AX52A5,LG,,"Nguyên hộp, đầy đủ phụ kiện từ nhà sản suất
Bảo hành pin 12 tháng",40.990.000 ₫,https://cellphones.com.vn/laptop-lg-gram-2022-17zd90q-g-ax52a5.html
Laptop,Cellphones,Macbook Pro 14 inch 2021 M1 Max 10 CPU - 24 GPU 32GB 1TB sạc 97W | Chính hãng Apple Việt Nam,Mac,,"Máy mới 100%, đầy đủ phụ kiện từ nhà sản xuất. Sản phẩm có mã SA/A (được Apple Việt Nam phân phối chính thức).",70.990.000 ₫,https://cellphones.com.vn/macbook-pro-14-inch-2021-m1-max-10cpu-24gpu-32gb-1tb-96w.html
Laptop,Cellphones,Laptop LG Gram 2022 16ZD90Q-G.AX55A5,LG,,"Nguyên hộp, đầy đủ phụ kiện từ nhà sản suất
Bảo hành pin 12 tháng",39.990.000 ₫,https://cellphones.com.vn/laptop-lg-gram-2022-16zd90q-g-ax55a5.html
Laptop,Cellphones,Laptop Lenovo ThinkBook 15 G2 ITL,Lenovo,,"Nguyên hộp, đầy đủ phụ kiện từ nhà sản suất
Bảo hành pin 12 tháng",15.490.000 ₫,https://cellphones.com.vn/laptop-lenovo-thinkbook-15-g2-itl.html
Laptop,Cellphones,Laptop Lenovo Ideapad 3 14ITL6 82H4005QVN,Lenovo,,"Nguyên hộp, đầy đủ phụ kiện từ nhà sản suất
Bảo hành pin 12 tháng",15.990.000 ₫,https://cellphones.com.vn/laptop-lenovo-ideapad-3-14itl6-i3-82h4005qvn.html
Laptop,Cellphones,Laptop HP Gaming Victus 16-D0292TX 5Z9R3PA,Laptop đồ họa,,"Nguyên hộp, đầy đủ phụ kiện từ nhà sản suất
Bảo hành pin 12 tháng",23.990.000 ₫,https://cellphones.com.vn/laptop-hp-gaming-victus-16-d0292tx-5z9r3pa.html
Laptop,Cellphones,Laptop ASUS Gaming ROG Strix G15 G513QR-HQ096T,ASUS,,"Nguyên hộp, đầy đủ phụ kiện từ nhà sản suất
Bảo hành pin 12 tháng",46.490.000 ₫,https://cellphones.com.vn/laptop-asus-rog-strix-g15-g513qr-hq096t.html
Laptop,Cellphones,Laptop MSI Gaming Pulse GL76 11UDK 689VN,MSI,,"Mới, đầy đủ phụ kiện từ nhà sản xuất",32.490.000 ₫,https://cellphones.com.vn/laptop-msi-gaming-pulse-gl76-11udk-689vn.html
Laptop,Cellphones,Laptop Gaming MSI Stealth 15M A11SDK 060VN,MSI,,"Mới, đầy đủ phụ kiện từ nhà sản xuất",34.490.000 ₫,https://cellphones.com.vn/laptop-msi-stealth-15m-a11sdk-060vn.html
Laptop,Cellphones,Laptop ASUS Gaming ROG Strix G531GT-AL030T,ASUS,,"Nguyên hộp, đầy đủ phụ kiện từ nhà sản suất
Bảo hành pin 12 tháng",24.990.000 ₫,https://cellphones.com.vn/laptop-asus-gaming-rog-strix-g531gt-al030t.html
Laptop,Cellphones,Laptop ASUS Gaming ROG Strix G512-IAL013T,ASUS,,"Nguyên hộp, đầy đủ phụ kiện từ nhà sản suất
Bảo hành pin 12 tháng",28.990.000 ₫,https://cellphones.com.vn/laptop-asus-gaming-rog-strix-g512-ihn281t.html
Laptop,Cellphones,Laptop Asus Gaming ROG Strix SCAR 16 G634JZ-N4029W,ASUS,,"Nguyên hộp, đầy đủ phụ kiện từ nhà sản suất
Bảo hành pin 12 tháng",88.490.000 ₫,https://cellphones.com.vn/laptop-asus-gaming-rog-strix-scar-16-g634jz-n4029w.html
Laptop,Cellphones,Macbook Pro 14 inch 2021 M1 Pro 10 CPU - 16 GPU 16GB 1TB sạc 96W | Chính hãng Apple Việt Nam,Mac,,"Máy mới 100%, đầy đủ phụ kiện từ nhà sản xuất. Sản phẩm có mã SA/A (được Apple Việt Nam phân phối chính thức).",67.990.000 ₫,https://cellphones.com.vn/macbook-pro-14-inch-2021-10cpu-16gpu-1tb-96w.html
Laptop,Cellphones,Laptop LG Gram 2022 14ZD90Q-G.AX31A5,LG,,"Nguyên hộp, đầy đủ phụ kiện từ nhà sản suất
Bảo hành pin 12 tháng",23.290.000 ₫,https://cellphones.com.vn/laptop-lg-gram-2022-14zd90q-g-ax31a5.html
Laptop,Cellphones,Laptop LG Gram 2022 16ZD90Q-G.AX51A5,LG,,"Nguyên hộp, đầy đủ phụ kiện từ nhà sản suất
Bảo hành pin 12 tháng",36.990.000 ₫,https://cellphones.com.vn/laptop-lg-gram-2022-16zd90q-g-ax51a5.html
Laptop,Cellphones,Laptop ASUS Gaming ROG Strix G17 G713RW-LL157W,ASUS,,"Nguyên hộp, đầy đủ phụ kiện từ nhà sản suất
Bảo hành pin 12 tháng",55.990.000 ₫,https://cellphones.com.vn/laptop-asus-gaming-rog-strix-g17-g713rw-ll157w.html
Laptop,Cellphones,Laptop Asus Vivobook Pro 16X N7600ZE-L2010W,ASUS,,"Nguyên hộp, đầy đủ phụ kiện từ nhà sản suất
Bảo hành pin 12 tháng",39.990.000 ₫,https://cellphones.com.vn/laptop-asus-vivobook-pro-16x-n7600ze-l2010w.html
Laptop,Cellphones,Laptop Asus Zenbook UX425EA BM069T,ASUS,,"Nguyên hộp, đầy đủ phụ kiện từ nhà sản suất
Bảo hành pin 12 tháng",24.690.000 ₫,https://cellphones.com.vn/laptop-asus-zenbook-ux425ea-bm069t.html
Laptop,Cellphones,Laptop HP Pavilion X360 14-EK0057TU 6K7E0PA,HP,,"Nguyên hộp, đầy đủ phụ kiện từ nhà sản suất
Bảo hành pin 12 tháng",18.990.000 ₫,https://cellphones.com.vn/laptop-hp-pavilion-x360-14-ek0057tu-6k7e0pa.html
Laptop,Cellphones,Laptop HP VICTUS 16-d0293TX (5Z9R4PA),Laptop đồ họa,,"Nguyên hộp, đầy đủ phụ kiện từ nhà sản suất
Bảo hành pin 12 tháng",23.990.000 ₫,https://cellphones.com.vn/laptop-hp-victus-16-d0293tx-5z9r4pa.html
Laptop,Cellphones,Laptop HP 240 G8 3D3H7PA,Laptop core i5,,"Nguyên hộp, đầy đủ phụ kiện từ nhà sản suất
Bảo hành pin 12 tháng",17.990.000 ₫,https://cellphones.com.vn/laptop-hp-240-g8-3d3h7pa.html
Laptop,Cellphones,Laptop Asus Gaming ROG Strix SCAR 18 G834JY-N6039W,ASUS,,"Nguyên hộp, đầy đủ phụ kiện từ nhà sản suất
Bảo hành pin 12 tháng",115.000.000 ₫,https://cellphones.com.vn/laptop-asus-gaming-rog-strix-scar-18-g834jy-n6039w.html
Laptop,Cellphones,Laptop Asus E210MA GJ537W,Laptop 12 inch,,"Nguyên hộp, đầy đủ phụ kiện từ nhà sản suất
Bảo hành pin 12 tháng",5.990.000 ₫,https://cellphones.com.vn/laptop-asus-e210ma-gj537w.html
Laptop,Cellphones,Mac mini M2 2023 (8 CPU - 10 GPU - 16GB - 256GB) | Chính hãng Apple Việt Nam,Mac,,"Mới, đầy đủ phụ kiện từ nhà sản xuất",21.990.000 ₫,https://cellphones.com.vn/mac-mini-m2-16gb-2023.html
